-- MySQL dump 10.13  Distrib 5.5.28, for debian-linux-gnu (i686)
--
-- Host: localhost    Database: glossword_1_8_12
-- ------------------------------------------------------
-- Server version	5.5.28-1

/*!40101 SET @OLD_CHARACTER_SET_CLIENT=@@CHARACTER_SET_CLIENT */;
/*!40101 SET @OLD_CHARACTER_SET_RESULTS=@@CHARACTER_SET_RESULTS */;
/*!40101 SET @OLD_COLLATION_CONNECTION=@@COLLATION_CONNECTION */;
/*!40101 SET NAMES utf8 */;
/*!40103 SET @OLD_TIME_ZONE=@@TIME_ZONE */;
/*!40103 SET TIME_ZONE='+00:00' */;
/*!40014 SET @OLD_UNIQUE_CHECKS=@@UNIQUE_CHECKS, UNIQUE_CHECKS=0 */;
/*!40014 SET @OLD_FOREIGN_KEY_CHECKS=@@FOREIGN_KEY_CHECKS, FOREIGN_KEY_CHECKS=0 */;
/*!40101 SET @OLD_SQL_MODE=@@SQL_MODE, SQL_MODE='NO_AUTO_VALUE_ON_ZERO' */;
/*!40111 SET @OLD_SQL_NOTES=@@SQL_NOTES, SQL_NOTES=0 */;

--
-- Table structure for table `gw_abbr`
--

DROP TABLE IF EXISTS `gw_abbr`;
/*!40101 SET @saved_cs_client     = @@character_set_client */;
/*!40101 SET character_set_client = utf8 */;
CREATE TABLE `gw_abbr` (
  `id_abbr` tinyint(3) unsigned NOT NULL AUTO_INCREMENT,
  `is_active` tinyint(1) unsigned NOT NULL DEFAULT '1',
  `id_dict` tinyint(3) unsigned NOT NULL DEFAULT '0',
  `id_group` tinyint(3) unsigned NOT NULL DEFAULT '1',
  PRIMARY KEY (`id_abbr`)
) ENGINE=MyISAM AUTO_INCREMENT=207 DEFAULT CHARSET=utf8;
/*!40101 SET character_set_client = @saved_cs_client */;

--
-- Dumping data for table `gw_abbr`
--

LOCK TABLES `gw_abbr` WRITE;
/*!40000 ALTER TABLE `gw_abbr` DISABLE KEYS */;
INSERT INTO `gw_abbr` VALUES (161,1,0,1),(162,1,0,1),(160,1,0,1),(142,1,0,1),(87,1,0,1),(82,1,0,1),(80,1,0,1),(79,1,0,1),(77,1,0,1),(56,1,0,1),(48,1,0,1),(47,1,0,1),(45,1,0,1),(36,1,0,1),(32,1,0,1),(4,1,0,2),(2,1,0,2),(3,1,0,2),(6,1,0,2),(10,1,0,2),(5,1,0,2),(11,1,0,2),(17,1,0,2),(20,1,0,2),(22,1,0,2),(26,1,0,2),(27,1,0,2),(31,1,0,2),(43,1,0,2),(46,1,0,2),(49,1,0,2),(51,1,0,2),(52,1,0,2),(54,1,0,2),(55,1,0,2),(58,1,0,2),(59,1,0,2),(60,1,0,2),(62,1,0,2),(63,1,0,2),(64,1,0,2),(65,1,0,2),(66,1,0,2),(67,1,0,2),(68,1,0,2),(70,1,0,2),(71,1,0,2),(72,1,0,2),(73,1,0,2),(74,1,0,2),(75,1,0,2),(85,1,0,2),(88,1,0,2),(89,1,0,2),(90,1,0,2),(91,1,0,2),(93,1,0,2),(95,1,0,2),(96,1,0,2),(97,1,0,2),(128,1,0,2),(144,1,0,2),(145,1,0,2),(146,1,0,2),(147,1,0,2),(148,1,0,2),(149,1,0,2),(150,1,0,2),(151,1,0,2),(152,1,0,2),(153,1,0,2),(154,1,0,2),(155,1,0,2),(156,1,0,2),(157,1,0,2),(158,1,0,2),(159,1,0,2),(163,1,0,2),(164,1,0,2),(166,1,0,2),(167,1,0,2),(169,1,0,2),(188,1,0,2),(189,1,0,2),(191,1,0,2),(8,1,0,3),(14,1,0,3),(15,1,0,3),(25,1,0,3),(29,1,0,3),(33,1,0,3),(35,1,0,3),(40,1,0,3),(41,1,0,3),(42,1,0,3),(44,1,0,3),(50,1,0,3),(78,1,0,3),(81,1,0,3),(83,1,0,3),(99,1,0,3),(127,1,0,3),(140,1,0,3),(141,1,0,3),(143,1,0,3),(190,1,0,3),(61,1,0,4),(76,1,0,4),(92,1,0,4),(100,1,0,4),(101,1,0,4),(103,1,0,4),(104,1,0,4),(105,1,0,4),(106,1,0,4),(107,1,0,4),(108,1,0,4),(109,1,0,4),(110,1,0,4),(111,1,0,4),(112,1,0,4),(113,1,0,4),(114,1,0,4),(115,1,0,4),(116,1,0,4),(117,1,0,4),(118,1,0,4),(119,1,0,4),(120,1,0,4),(121,1,0,4),(122,1,0,4),(123,1,0,4),(124,1,0,4),(125,1,0,4),(126,1,0,4),(129,1,0,4),(130,1,0,4),(131,1,0,4),(132,1,0,4),(133,1,0,4),(134,1,0,4),(135,1,0,4),(136,1,0,4),(137,1,0,4),(138,1,0,4),(139,1,0,4),(165,1,0,4),(170,1,0,4),(171,1,0,4),(172,1,0,4),(173,1,0,4),(174,1,0,4),(175,1,0,4),(176,1,0,4),(177,1,0,4),(178,1,0,4),(180,1,0,4),(181,1,0,4),(182,1,0,4),(183,1,0,4),(184,1,0,4),(185,1,0,4),(186,1,0,4),(187,1,0,4),(192,1,0,4),(193,1,0,4),(194,1,0,4),(195,1,0,4),(196,1,0,4),(197,1,0,4),(199,1,0,4),(198,1,0,4),(200,1,0,4),(201,1,0,4),(202,1,0,5),(203,1,0,5),(204,1,0,3),(205,1,0,3),(206,1,0,1);
/*!40000 ALTER TABLE `gw_abbr` ENABLE KEYS */;
UNLOCK TABLES;

--
-- Table structure for table `gw_abbr_phrase`
--

DROP TABLE IF EXISTS `gw_abbr_phrase`;
/*!40101 SET @saved_cs_client     = @@character_set_client */;
/*!40101 SET character_set_client = utf8 */;
CREATE TABLE `gw_abbr_phrase` (
  `id_abbr_phrase` int(10) unsigned NOT NULL AUTO_INCREMENT,
  `id_abbr` int(10) unsigned NOT NULL DEFAULT '0',
  `id_lang` varchar(32) NOT NULL DEFAULT 'en-utf8',
  `abbr_short` tinyblob NOT NULL,
  `abbr_long` tinyblob NOT NULL,
  PRIMARY KEY (`id_abbr_phrase`)
) ENGINE=MyISAM AUTO_INCREMENT=785 DEFAULT CHARSET=utf8;
/*!40101 SET character_set_client = @saved_cs_client */;

--
-- Dumping data for table `gw_abbr_phrase`
--

LOCK TABLES `gw_abbr_phrase` WRITE;
/*!40000 ALTER TABLE `gw_abbr_phrase` DISABLE KEYS */;
INSERT INTO `gw_abbr_phrase` VALUES (1,161,'en-utf8','pref.','prefix'),(2,162,'en-utf8','rel.pron.','relative pronoun'),(3,160,'en-utf8','prep.','preposition'),(4,142,'en-utf8','interj.','interjection'),(5,87,'en-utf8','part.','participle'),(6,82,'en-utf8','infin.','infinitive'),(7,80,'en-utf8','v.aux.','auxiliary verb'),(8,79,'en-utf8','v.tr.','transitive verb'),(9,77,'en-utf8','v.refl.','reflexive verb'),(10,56,'en-utf8','num.','numeral'),(11,48,'en-utf8','n.','noun'),(12,47,'en-utf8','suff.','suffix'),(13,45,'en-utf8','conj.','conjunction'),(14,36,'en-utf8','adj.','adjective'),(15,32,'en-utf8','adv.','adverb'),(18,162,'ru-utf8','относит.','относительное местоимение, относительное наречие'),(19,161,'ru-utf8','прист.','приставка'),(20,160,'ru-utf8','предл.','предлог'),(21,142,'ru-utf8','межд.','междометие'),(22,87,'ru-utf8','прич.','причастие; деепричастие'),(23,82,'ru-utf8','инф.','инфинитив, неопределенная форма глагола'),(24,80,'ru-utf8','вспом.','вспомогательный глагол'),(25,79,'ru-utf8','перех.','переходный глагол'),(26,77,'ru-utf8','возвр.','возвратный глагол'),(27,56,'ru-utf8','числ.','числительное'),(28,48,'ru-utf8','сущ.','имя существительное'),(29,47,'ru-utf8','суф.','суффикс'),(30,45,'ru-utf8','союз','союз (часть речи)'),(31,36,'ru-utf8','прил.','имя прилагательное'),(32,32,'ru-utf8','нареч.','наречие'),(41,4,'en-utf8','Archaeol.','Archaeology'),(42,4,'ru-utf8','археол.','археология'),(43,2,'en-utf8','Anat.','Anatomy'),(44,2,'ru-utf8','анат.','анатомия'),(45,3,'en-utf8','Archit.','Architecture'),(46,3,'ru-utf8','арх.','архитектура'),(47,6,'en-utf8','Botany','Bot.'),(48,6,'ru-utf8','бот.','ботаника'),(49,10,'en-utf8','Mil.','Military'),(50,10,'ru-utf8','воен.','военное дело'),(51,5,'en-utf8','Astron.','Astronomy'),(52,5,'ru-utf8','астрон.','астрономия'),(53,11,'en-utf8','Geog.','Geography'),(54,11,'ru-utf8','геогр.','география'),(55,17,'en-utf8','Zool.','Zoology'),(56,17,'ru-utf8','зоол.','зоология'),(57,20,'en-utf8','Hist.','History'),(58,20,'ru-utf8','истор.','исторический термин'),(59,22,'en-utf8','Ling.','Linguistics'),(60,22,'ru-utf8','лингв.','лингвистика'),(61,26,'en-utf8','Math.','Mathematics'),(62,26,'ru-utf8','матем.','математика'),(63,27,'en-utf8','Med.','Medicine'),(64,27,'ru-utf8','мед.','медицина'),(65,31,'en-utf8','Mus.','Music'),(66,31,'ru-utf8','муз.','музыкальный термин'),(67,43,'en-utf8','Relig.','Religion'),(68,43,'ru-utf8','религ.','религиозное слово или выражение'),(69,46,'en-utf8','Sports','Sports'),(70,46,'ru-utf8','спорт.','термин, относящийся к спорту'),(71,49,'en-utf8','Tech.','Technical'),(72,49,'ru-utf8','тех.','технический термин'),(73,51,'en-utf8','Phys.','Physics'),(74,51,'ru-utf8','физ.','физика'),(75,52,'en-utf8','Physiol.','Physiology'),(76,52,'ru-utf8','физиол.','физиология'),(77,54,'en-utf8','Chem.','Chemistry'),(78,54,'ru-utf8','хим.','химия и химические технологии'),(79,55,'en-utf8','Ch.','Church'),(80,55,'ru-utf8','церк.','церковное слово'),(81,58,'en-utf8','Jur.','Law-term, juridical'),(82,58,'ru-utf8','юр.','юридический термин'),(83,59,'en-utf8','Anth.','Anthropology'),(84,59,'ru-utf8','антроп.','антропология'),(85,60,'en-utf8','Astronaut.','Aeronautics'),(86,60,'ru-utf8','аэро','аэронавтика'),(87,62,'en-utf8','Astrol.','Astrology'),(88,62,'ru-utf8','астрол.','астрология'),(89,63,'en-utf8','Astronaut.','Astronautics'),(90,63,'ru-utf8','косм.','космонавтика'),(91,64,'en-utf8','Bibliog.','Bibliography'),(92,64,'ru-utf8','библиогр.','библиография'),(93,65,'en-utf8','Biochem.','Biochemistry'),(94,65,'ru-utf8','биохим.','биохимия'),(95,66,'en-utf8','Biol.','Biology'),(96,66,'ru-utf8','биол.','биология'),(97,67,'en-utf8','Cinematog.','Cinematography'),(98,67,'ru-utf8','кино','кинематография'),(99,68,'en-utf8','Criminol.','Criminology'),(100,68,'ru-utf8','криминолог.','криминология'),(101,70,'en-utf8','Demog.','Demography'),(102,70,'ru-utf8','демогр.','демография'),(103,71,'en-utf8','Ecol.','Ecology'),(104,71,'ru-utf8','экол.','экология'),(105,72,'en-utf8','Econ.','Economics'),(106,72,'ru-utf8','эк.','экономика'),(107,73,'en-utf8','Entomol.','Entomology'),(108,73,'ru-utf8','энт.','энтомология'),(109,74,'en-utf8','Geol.','Geology'),(110,74,'ru-utf8','геол.','геология'),(111,75,'en-utf8','Geom.','Geometry'),(112,75,'ru-utf8','геом.','геометрия'),(113,85,'en-utf8','Vet.','Veterinary'),(114,85,'ru-utf8','ветерин.','ветеринария'),(115,88,'en-utf8','Mythol.','Mythology'),(116,88,'ru-utf8','миф.','мифология'),(117,89,'en-utf8','Parl.','Parliament; Parliamentary'),(118,89,'ru-utf8','парл.','парламентское слово или выражение, относящиеся к законодательной деятельности'),(119,90,'en-utf8','Pathol.','Pathology'),(120,90,'ru-utf8','патол.','патология'),(121,91,'en-utf8','Pharm.','Pharmacy; Pharmacology'),(122,91,'ru-utf8','фарм.','фармакология, фармацевтика'),(123,93,'en-utf8','Polit.','Politics'),(124,93,'ru-utf8','полит.','политический термин'),(125,95,'en-utf8','Soc.','Sociology'),(126,95,'ru-utf8','социол.','социология'),(127,96,'en-utf8','Telecomm.','Telecommunicational'),(128,96,'ru-utf8','телекомм.','телекоммуникационный термин'),(129,97,'en-utf8','Theatr.','Theatre, Theatrical'),(130,97,'ru-utf8','театр.','театральное выражение, термин'),(131,128,'en-utf8','Phil.','Philosophy'),(132,128,'ru-utf8','филос.','философия'),(133,144,'en-utf8','Naut.','Nautical'),(134,144,'ru-utf8','мор.','морское дело'),(135,145,'en-utf8','Shipb.','Shipbuilding'),(136,145,'ru-utf8','судостр.','судостроение'),(137,146,'en-utf8','Phonet.','Phonetics'),(138,146,'ru-utf8','фон.','фонетика'),(139,147,'en-utf8','Univ.','University'),(140,147,'ru-utf8','универ.','университетское выражение'),(141,148,'en-utf8','Oceanol.','Oceanology'),(142,148,'ru-utf8','океан.','океанология'),(143,149,'en-utf8','Nucl. Phys.','Nuclear Physics and Engineering'),(144,149,'ru-utf8','яд.физ.','ядерная физика и техника'),(145,150,'en-utf8','Mount.','Mountaineering'),(146,150,'ru-utf8','альп.','альпинизм'),(147,151,'en-utf8','Telev.','Television'),(148,151,'ru-utf8','телев.','телевидение'),(149,152,'en-utf8','Mech.','Mechanics'),(150,152,'ru-utf8','мех.','механика'),(151,153,'en-utf8','Nat. Sci.','Natural Science'),(152,153,'ru-utf8','естеств.','естествознание'),(153,154,'en-utf8','Min.','Mineralogy'),(154,154,'ru-utf8','минер.','минералогия'),(155,155,'en-utf8','Photog.','Photography'),(156,155,'ru-utf8','фото','фотография и фотохимия'),(157,156,'en-utf8','Meteorol.','Meteorology'),(158,156,'ru-utf8','метеор.','метеорология'),(159,157,'en-utf8','Journ.','Journalism'),(160,157,'ru-utf8','журн.','журналистика'),(161,158,'en-utf8','Constr.','Construction'),(162,158,'ru-utf8','стр.','строительство'),(163,159,'en-utf8','Lit.','Literature'),(164,159,'ru-utf8','лит.','литературоведение'),(165,163,'en-utf8','Bacteriol.','Bacteriology'),(166,163,'ru-utf8','бакт.','бактериология'),(167,164,'en-utf8','Sci.','Science'),(168,164,'ru-utf8','научн.','научный термин'),(169,166,'en-utf8','Diplom.','Diplomacy'),(170,166,'ru-utf8','дипл.','дипломатия'),(171,167,'en-utf8','Comp.','Computer Science'),(172,167,'ru-utf8','комп.','компьютерный термин'),(173,169,'en-utf8','Num.','Numismatics'),(174,169,'ru-utf8','нум.','нумизматика'),(175,188,'en-utf8','Lit.-Book.','Literary (used in books)'),(176,188,'ru-utf8','книжн.','литературно-книжное слово'),(177,189,'en-utf8','Radio','Radio engineering'),(178,189,'ru-utf8','радио.','радиотехника'),(179,191,'en-utf8','Electr.','Electrical engineering'),(180,191,'ru-utf8','эл.','электротехника'),(181,8,'en-utf8','lit.','literal(ly)'),(182,8,'ru-utf8','букв.','буквально, в буквальном смысле'),(183,14,'en-utf8','sing.','singular'),(184,14,'ru-utf8','ед.ч.','единственное число'),(185,15,'en-utf8','f.','feminine gender'),(186,15,'ru-utf8','ж.р.','женский род'),(187,25,'en-utf8','m.','masculine gender'),(188,25,'ru-utf8','м.р.','мужской род'),(189,29,'en-utf8','pl.','plural'),(190,29,'ru-utf8','мн.ч.','множественное число'),(191,33,'en-utf8','pop.','popular, not technical'),(192,33,'ru-utf8','народн.','народное'),(193,35,'en-utf8','fig.','figurative(ly)'),(194,35,'ru-utf8','перен.','в переносном значении'),(195,40,'en-utf8','colloq.','colloquial(ly)'),(196,40,'ru-utf8','разг.','разговорное слово или выражение'),(197,41,'en-utf8','extend.','extended, more common'),(198,41,'ru-utf8','распр.','в распространенном, неточном значении'),(199,42,'en-utf8','rare','rare, not in use'),(200,42,'ru-utf8','редк.','редко употребляемое выражение или термин; редко употребляется в этом значении'),(201,44,'en-utf8','abbr.','abbreviation'),(202,44,'ru-utf8','сокр.','сокращение'),(203,50,'en-utf8','arc.','archaic'),(204,50,'ru-utf8','устар.','устаревшее слово или выражение'),(205,78,'en-utf8','syll.','syllable'),(206,78,'ru-utf8','по слогам','по слогам'),(207,81,'en-utf8','imper.','imperative'),(208,81,'ru-utf8','повел.','повелительное наклонение глагола'),(209,83,'en-utf8','perf.','perfect (tense)'),(210,83,'ru-utf8','перф.','перфект'),(211,99,'en-utf8','sl.','slang'),(212,99,'ru-utf8','жарг.','жаргонное слово, сленг'),(213,127,'en-utf8','neut.','neuter gender'),(214,127,'ru-utf8','ср.','средний род'),(215,140,'en-utf8','joke','joke, jokingly'),(216,140,'ru-utf8','шутл.','шутливо, шутливое выражение'),(217,141,'en-utf8','obj.','object'),(218,141,'ru-utf8','доп.','дополнение'),(219,143,'en-utf8','iron.','ironical'),(220,143,'ru-utf8','ирон.','ироническое употребление'),(221,190,'en-utf8','p.noun','proper noun'),(222,190,'ru-utf8','собств.','имя собственное'),(223,61,'en-utf8','Assyr.','Assyrian'),(224,61,'ru-utf8','ассир.','ассирийский'),(225,76,'en-utf8','Hind.','Hindustani'),(226,76,'ru-utf8','индийск.','индийский'),(227,92,'en-utf8','Phoen.','Phoenician'),(228,92,'ru-utf8','финик.','финикийский'),(229,100,'en-utf8','Afrik.','Afrikaans'),(230,100,'ru-utf8','афр.','африкаанс'),(231,101,'en-utf8','Arab.','Arabic'),(232,101,'ru-utf8','араб.','арабский'),(233,103,'en-utf8','E.','English'),(234,103,'ru-utf8','англ.','английский'),(235,104,'en-utf8','Finn.','Finnish'),(236,104,'ru-utf8','финск.','финский'),(237,105,'en-utf8','Fr.','French'),(238,105,'ru-utf8','франц.','французкий'),(239,106,'en-utf8','G.','German'),(240,106,'ru-utf8','нем.','немецкий'),(241,107,'en-utf8','Gk.','Greek'),(242,107,'ru-utf8','греч.','греческий'),(243,108,'en-utf8','Heb.','Hebrew'),(244,108,'ru-utf8','ивр.','иврит'),(245,109,'en-utf8','Ia.','Interlingua'),(246,109,'ru-utf8','интерлигва','интерлигва'),(247,110,'en-utf8','L.','Latin'),(248,110,'ru-utf8','лат.','латинский'),(249,111,'en-utf8','Bulg.','Bulgarian'),(250,111,'ru-utf8','болг.','болгарский'),(251,112,'en-utf8','Cat.','Catalan'),(252,112,'ru-utf8','каталон.','каталонский'),(253,113,'en-utf8','Celt.','Celtic'),(254,113,'ru-utf8','кельт.','кельтский'),(255,114,'en-utf8','Chin.','Chinese'),(256,114,'ru-utf8','китайск.','китайский'),(257,115,'en-utf8','Da.','Danish'),(258,115,'ru-utf8','датск.','датский'),(259,116,'en-utf8','Du.','Dutch'),(260,116,'ru-utf8','голл.','голландский'),(261,117,'en-utf8','Egypt.','Egyptian'),(262,117,'ru-utf8','егип.','египетский'),(263,118,'en-utf8','Eo.','Esperanto'),(264,118,'ru-utf8','эсп.','эсперанто'),(265,119,'en-utf8','Hung.','Hungarian'),(266,119,'ru-utf8','венг.','венгерский'),(267,120,'en-utf8','Rus.','Russian'),(268,120,'ru-utf8','рус.','русский'),(269,121,'en-utf8','Ro.','Romanian'),(270,121,'ru-utf8','румынск.','румынский'),(271,122,'en-utf8','Sp.','Spanish'),(272,122,'ru-utf8','испан.','испанский'),(273,123,'en-utf8','Sw.','Swedish'),(274,123,'ru-utf8','швед.','шведский'),(275,124,'en-utf8','Vi.','Vietnamese'),(276,124,'ru-utf8','вьет.','вьетнамский'),(277,125,'en-utf8','Pinyin','Pinyin (Mandarin, Chinese transcription)'),(278,125,'ru-utf8','пиньинь','фонетическая транскрипция китайского языка'),(279,126,'en-utf8','Latv.','Latvian'),(280,126,'ru-utf8','латыш.','латышский'),(281,129,'en-utf8','Turk.','Turkish'),(282,129,'ru-utf8','турецк.','турецкий'),(283,130,'en-utf8','Norw.','Norwegian'),(284,130,'ru-utf8','норв.','норвежский'),(285,131,'en-utf8','Port.Br.','Portuguese (Brazilian)'),(286,131,'ru-utf8','порт.бразил.','португальский (Бразилия)'),(287,132,'en-utf8','Cast.','Castilian'),(288,132,'ru-utf8','кастильск.','кастильский'),(289,133,'en-utf8','It.','Italian'),(290,133,'ru-utf8','итал.','итальянский'),(291,134,'en-utf8','OE.','Old English'),(292,134,'ru-utf8','др.-англ.','древнеанглийский'),(293,135,'en-utf8','ON.','Old Norse'),(294,135,'ru-utf8','др.-сканд.','древнескандинавский'),(295,136,'en-utf8','NNorw.','Norwegian Nynorsk'),(296,136,'ru-utf8','н.-норвежск.','новонорвежский'),(297,137,'en-utf8','Cz.','Czech'),(298,137,'ru-utf8','чешск.','чешский'),(299,138,'en-utf8','Ice.','Icelandic'),(300,138,'ru-utf8','исланд.','исландский'),(301,139,'en-utf8','Pol.','Polish'),(302,139,'ru-utf8','польск.','польский язык'),(303,165,'en-utf8','Mong.','Mongolian'),(304,165,'ru-utf8','монгол.','монгольский'),(305,170,'en-utf8','Jap.','Japanese'),(306,170,'ru-utf8','яп.','японский'),(307,171,'en-utf8','Wel.','Welsh'),(308,171,'ru-utf8','уэль.','уэльсский (валлийский)'),(309,172,'en-utf8','Malt.','Maltese'),(310,172,'ru-utf8','мальт.','мальтийский'),(311,173,'en-utf8','Slov.','Slovak'),(312,173,'ru-utf8','слов.','словацкий'),(313,174,'en-utf8','Croat.','Croatian'),(314,174,'ru-utf8','хорв.','хорватский'),(315,175,'en-utf8','Serb.','Serbian'),(316,175,'ru-utf8','серб.','сербский'),(317,176,'en-utf8','Zul.','Zulu'),(318,176,'ru-utf8','зул.','зулусский'),(319,177,'en-utf8','Swh.','Swahili'),(320,177,'ru-utf8','суах.','суахили'),(321,178,'en-utf8','Ts.','Tswana'),(322,178,'ru-utf8','банту','банту'),(323,180,'en-utf8','Mal.','Malay'),(324,180,'ru-utf8','малайск.','малайский'),(325,181,'en-utf8','Ind.','Indonesian'),(326,181,'ru-utf8','индонез.','индонезийский'),(327,182,'en-utf8','Kor.','Korean'),(328,182,'ru-utf8','корейск.','корейский'),(329,183,'en-utf8','Ir.','Irish'),(330,183,'ru-utf8','ирл.','ирландский'),(331,184,'en-utf8','Xh.','Xhosa'),(332,184,'ru-utf8','кхос','кхос'),(333,185,'en-utf8','Alb.','Albanian'),(334,185,'ru-utf8','алб.','албанский'),(335,186,'en-utf8','Port.Eu.','Portuguese (Euro)'),(336,186,'ru-utf8','порт.','португальский'),(337,187,'en-utf8','Chin.Trad.','Chinese Traditional'),(338,187,'ru-utf8','китайск.трад.','китайский традиционный'),(339,192,'en-utf8','Slv.','Slovio'),(340,192,'ru-utf8','словио','словио'),(341,193,'en-utf8','Rom.','Romanica'),(342,193,'ru-utf8','ром.','романика'),(343,194,'en-utf8','Basq.','Basque'),(344,194,'ru-utf8','баск.','баскский'),(345,195,'en-utf8','Cher.','Cherokee (Tsalagi)'),(346,195,'ru-utf8','чероки','чероки'),(347,196,'en-utf8','Cher.pronun.','Pronunciation for Cherokee'),(348,196,'ru-utf8','транскр. Чероки','транскрипция Чероки'),(349,197,'en-utf8','Chin.pronun.','Pronunciation for Chinese'),(350,197,'ru-utf8','транскр. китайск.','транскрипция китайского языка'),(351,199,'en-utf8','Translit. Rus.','Transliteration for Russian'),(352,199,'ru-utf8','транслит.русск.','транслитерация русского языка'),(353,198,'en-utf8','Arm.','Armenian'),(354,198,'ru-utf8','арм.','армянский'),(355,200,'en-utf8','Pash.','Pashto'),(356,200,'ru-utf8','пушту','пушту'),(357,201,'en-utf8','Ukr.','Ukrainian'),(358,201,'ru-utf8','укр.','украинский'),(708,200,'es-utf8','Pash.','Pashto'),(707,199,'es-utf8','Arm.','Armenio'),(706,198,'es-utf8','Translit.Rus.','Transliteración del ruso'),(705,197,'es-utf8','Chin.pronun.','Pronunciación del chino'),(704,196,'es-utf8','Cher.pronun.','Pronunciación del cheroqui'),(703,195,'es-utf8','Cher.','Cheroqui (Tsalagi)'),(702,194,'es-utf8','Vasco','Vasco'),(701,193,'es-utf8','Rom.','Románica'),(700,192,'es-utf8','Slv.','Slovio'),(699,191,'es-utf8','Electr.','Ingeniería eléctrica'),(698,190,'es-utf8','nom.p.','nombre propio'),(697,189,'es-utf8','Radio','Radioingeniería'),(696,188,'es-utf8','Lit.-Lib.','Literario (usado en libros)'),(695,187,'es-utf8','Chin.Trad.','Chino Tradicional'),(694,186,'es-utf8','Port.Eu.','Portugués (Europeo)'),(693,185,'es-utf8','Alb.','Albanés'),(692,184,'es-utf8','Xh.','Xhosa'),(691,183,'es-utf8','Ir.','Irlandés'),(690,182,'es-utf8','Cor.','Coreano'),(689,181,'es-utf8','Ind.','Indonesio'),(688,180,'es-utf8','Mal.','Malayo'),(687,178,'es-utf8','Set.','Setsuana'),(686,177,'es-utf8','Sua.','Suajili'),(685,176,'es-utf8','Zul.','Zulú'),(684,175,'es-utf8','Serb.','Serbio'),(683,174,'es-utf8','Croat.','Croata'),(682,173,'es-utf8','Esl.','Eslovaco'),(681,172,'es-utf8','Malt.','Maltés'),(680,171,'es-utf8','Gal.','Galés'),(679,170,'es-utf8','Jap.','Japonés'),(678,169,'es-utf8','Numis.','Numismática'),(677,167,'es-utf8','Informat.','Informática'),(676,166,'es-utf8','Diplom.','Diplomacia'),(675,165,'es-utf8','Mong.','Mongol'),(674,164,'es-utf8','Cienc.','Ciencia'),(673,163,'es-utf8','Bacter.','Bacteriología'),(672,162,'es-utf8','pron.rel.','pronombre relativo'),(671,161,'es-utf8','pref.','prefijo'),(670,160,'es-utf8','prep.','preposición'),(669,159,'es-utf8','Lit.','Literatura'),(668,158,'es-utf8','Constr.','Construcción'),(667,157,'es-utf8','Period.','Periodista'),(666,156,'es-utf8','Meteo.','Meteorología'),(665,155,'es-utf8','Fotog.','Fotografía'),(664,154,'es-utf8','Min.','Mineralogía'),(663,153,'es-utf8','CC.NN.','Ciencias Naturales'),(662,152,'es-utf8','Mecan.','Mecánica'),(661,151,'es-utf8','TV.','Televisión'),(660,150,'es-utf8','Mont.','Montañismo'),(659,149,'es-utf8','Fis.Nucl.','Ingeniería y Física Nuclear'),(658,148,'es-utf8','Ocean.','Oceanología'),(657,147,'es-utf8','Univ.','Universidad'),(656,146,'es-utf8','Fonet.','Fonética'),(655,145,'es-utf8','Cons.Naval','Construcción Naval'),(654,144,'es-utf8','Náut.','Náutica'),(653,143,'es-utf8','irón.','irónico'),(652,142,'es-utf8','interj.','interjección'),(651,141,'es-utf8','obj.','objeto'),(650,140,'es-utf8','broma','broma, bromeando'),(649,139,'es-utf8','Pol.','Polaco'),(648,138,'es-utf8','Isl.','Islandés'),(647,137,'es-utf8','Chec.','Checo'),(646,136,'es-utf8','N.Noru.','Nuevo noruego (Nynorsk)'),(645,135,'es-utf8','Nord.Ant.','Nórdico antiguo'),(644,134,'es-utf8','Ingl.Ant.','Inglés antiguo'),(643,133,'es-utf8','It.','Italiano'),(642,132,'es-utf8','Cast.','Castellano'),(641,131,'es-utf8','Port.Br.','Portugués (Brasileño)'),(640,130,'es-utf8','Nor.','Noruego'),(639,129,'es-utf8','Tur.','Turco'),(638,128,'es-utf8','Filos.','Filosofía'),(637,127,'es-utf8','n.','género neutro'),(636,126,'es-utf8','Let.','Letón'),(635,125,'es-utf8','Pinyin','Pinyin (transliteración del chino mandarín)'),(634,124,'es-utf8','Vi.','Vietnamita'),(633,123,'es-utf8','Sue.','Sueco'),(632,122,'es-utf8','Esp.','Español'),(631,121,'es-utf8','Rum.','Rumano'),(630,120,'es-utf8','Rus.','Ruso'),(629,119,'es-utf8','Húng.','Húngaro'),(628,118,'es-utf8','Eo.','Esperanto'),(627,117,'es-utf8','Egip.','Egipcio'),(626,116,'es-utf8','Hol.','Holandés'),(625,115,'es-utf8','Da.','Danés'),(624,114,'es-utf8','Chin.','Chino'),(623,113,'es-utf8','Cel.','Celta'),(622,112,'es-utf8','Cat.','Catalán'),(621,111,'es-utf8','Búl.','Búlgaro'),(620,110,'es-utf8','L','Latín'),(619,109,'es-utf8','Ia.','Interlingua'),(618,108,'es-utf8','Heb.','Hebreo'),(617,107,'es-utf8','Gr.','Griego'),(616,106,'es-utf8','Al.','Alemán'),(615,105,'es-utf8','Fr.','Francés'),(614,104,'es-utf8','Fin.','Finés'),(613,103,'es-utf8','Ing.','Inglés'),(612,101,'es-utf8','Ara.','Árabe'),(611,100,'es-utf8','Afr.','Africano'),(610,99,'es-utf8','argot','jerga, argot'),(609,97,'es-utf8','Teat.','Teatro, teatral'),(608,96,'es-utf8','Telecom.','Telecomunicaciones'),(607,95,'es-utf8','Soc.','Sociología'),(606,93,'es-utf8','Pol.','Política'),(605,92,'es-utf8','Fenic.','Fenicio'),(604,91,'es-utf8','Farma.','Farmacia, Farmacología'),(603,90,'es-utf8','Patol.','Patología'),(602,89,'es-utf8','Parl.','Parlamento, parlamentario'),(601,88,'es-utf8','Mit.','Mitología'),(600,87,'es-utf8','part.','participio'),(599,85,'es-utf8','Veter.','Veterinario'),(598,83,'es-utf8','perf.','perfecto (tiempo)'),(597,82,'es-utf8','inf.','infinitivo'),(596,81,'es-utf8','imper.','imperativo'),(595,80,'es-utf8','v.aux.','verbo auxiliar'),(594,79,'es-utf8','v.tr.','verbo transitivo'),(593,78,'es-utf8','síl.','sílaba'),(592,77,'es-utf8','v.refl.','verbo reflexivo'),(591,76,'es-utf8','Ind.','Indostaní'),(590,75,'es-utf8','Geom.','Geometría'),(589,74,'es-utf8','Geol.','Geología'),(588,73,'es-utf8','Entom.','Entomología'),(587,72,'es-utf8','Econ.','Economía'),(586,71,'es-utf8','Ecol.','Ecología'),(585,70,'es-utf8','Demog.','Demografía'),(584,68,'es-utf8','Crimin.','Criminología'),(583,67,'es-utf8','Cinem.','Cinematografía'),(582,66,'es-utf8','Biol.','Biología'),(581,65,'es-utf8','Bioq.','Bioquímica'),(580,64,'es-utf8','Bibl.','Bibliografía'),(579,63,'es-utf8','Astronáut.','Astronáutica'),(578,62,'es-utf8','Astrol.','Astrología'),(577,61,'es-utf8','Asir.','Asirio'),(576,60,'es-utf8','Aeron.','Aeronáutica'),(575,59,'es-utf8','Antr.','Antropología'),(574,58,'es-utf8','Jur.','Leyes, jurídico'),(573,56,'es-utf8','num.','numeral'),(572,55,'es-utf8','Igl.','Iglesia'),(571,54,'es-utf8','Quím.','Química'),(570,52,'es-utf8','Psicol.','Psicología'),(569,51,'es-utf8','Fís.','Física'),(568,50,'es-utf8','arc.','arcaico'),(567,49,'es-utf8','Téc.','Técnico'),(566,48,'es-utf8','n.','nombre'),(565,47,'es-utf8','suf.','sufijo'),(564,46,'es-utf8','Dep.','Deportes'),(563,45,'es-utf8','conj.','conjunción'),(562,44,'es-utf8','abr.','abreviatura'),(561,43,'es-utf8','Relig.','Religión'),(560,42,'es-utf8','raro','raro, en desuso'),(559,41,'es-utf8','extend.','extendido, muy común'),(558,40,'es-utf8','coloq.','coloquial(mente)'),(557,36,'es-utf8','adj.','adjetivo'),(556,35,'es-utf8','fig.','figurada(mente)'),(555,33,'es-utf8','pop.','popular, no técnico'),(554,32,'es-utf8','adv.','adverbio'),(553,31,'es-utf8','Mús.','Música'),(552,29,'es-utf8','pl.','plural'),(551,27,'es-utf8','Med.','Medicina'),(550,26,'es-utf8','Mat.','Matemáticas'),(549,25,'es-utf8','m.','género masculino'),(547,22,'es-utf8','Ling.','Linguística'),(546,20,'es-utf8','Hist.','Historia'),(545,17,'es-utf8','Zoo.','Zoología'),(544,15,'es-utf8','f.','género femenino'),(543,14,'es-utf8','sing.','singular'),(541,11,'es-utf8','Geo.','Geografía'),(540,10,'es-utf8','Mil.','Militar'),(539,8,'es-utf8','lit.','literal(mente)'),(538,6,'es-utf8','Bot.','Botánica'),(537,5,'es-utf8','Astron.','Astronomía'),(536,4,'es-utf8','Arqueo.','Arqueología'),(535,3,'es-utf8','Arquit.','Arquitectura'),(534,2,'es-utf8','Anat.','Anatomía'),(709,202,'en-utf8','tm','trademark'),(740,205,'es-utf8','n.amb','nombre ambiguo'),(711,202,'ru-utf8','тм','торговая марка'),(713,202,'es-utf8','m.c.','marca comercial'),(729,203,'es-utf8','nom.c.','nombre comercial'),(728,203,'ru-utf8','торг.назв.','торговое название'),(726,203,'en-utf8','t.n.','trade name'),(738,205,'en-utf8','b.gen','both genders'),(737,204,'es-utf8','c.gén','común en cuanto al género'),(736,204,'ru-utf8','общ.род','общий род'),(739,205,'ru-utf8','мж.р.','мужской и женский род'),(734,204,'en-utf8','c.gen','common gender'),(784,206,'es-utf8','v.intr.','verbo intransitivo'),(783,206,'sk-utf8','',''),(782,206,'ru-utf8','неперех.','непереходный глагол'),(781,206,'fr-utf8','',''),(780,206,'en-utf8','intr. verb','intransitive verb');
/*!40000 ALTER TABLE `gw_abbr_phrase` ENABLE KEYS */;
UNLOCK TABLES;

--
-- Table structure for table `gw_auth_restore`
--

DROP TABLE IF EXISTS `gw_auth_restore`;
/*!40101 SET @saved_cs_client     = @@character_set_client */;
/*!40101 SET character_set_client = utf8 */;
CREATE TABLE `gw_auth_restore` (
  `id_user` int(10) unsigned NOT NULL AUTO_INCREMENT,
  `auth_key` int(10) unsigned NOT NULL,
  `date_created` int(10) unsigned NOT NULL DEFAULT '0',
  PRIMARY KEY (`id_user`)
) ENGINE=MyISAM DEFAULT CHARSET=utf8;
/*!40101 SET character_set_client = @saved_cs_client */;

--
-- Dumping data for table `gw_auth_restore`
--

LOCK TABLES `gw_auth_restore` WRITE;
/*!40000 ALTER TABLE `gw_auth_restore` DISABLE KEYS */;
/*!40000 ALTER TABLE `gw_auth_restore` ENABLE KEYS */;
UNLOCK TABLES;

--
-- Table structure for table `gw_captcha`
--

DROP TABLE IF EXISTS `gw_captcha`;
/*!40101 SET @saved_cs_client     = @@character_set_client */;
/*!40101 SET character_set_client = utf8 */;
CREATE TABLE `gw_captcha` (
  `id` int(10) unsigned NOT NULL AUTO_INCREMENT,
  `date_created` int(10) unsigned NOT NULL,
  `captcha` varchar(5) NOT NULL,
  PRIMARY KEY (`id`),
  KEY `captcha` (`captcha`)
) ENGINE=MyISAM DEFAULT CHARSET=utf8;
/*!40101 SET character_set_client = @saved_cs_client */;

--
-- Dumping data for table `gw_captcha`
--

LOCK TABLES `gw_captcha` WRITE;
/*!40000 ALTER TABLE `gw_captcha` DISABLE KEYS */;
/*!40000 ALTER TABLE `gw_captcha` ENABLE KEYS */;
UNLOCK TABLES;

--
-- Table structure for table `gw_component`
--

DROP TABLE IF EXISTS `gw_component`;
/*!40101 SET @saved_cs_client     = @@character_set_client */;
/*!40101 SET character_set_client = utf8 */;
CREATE TABLE `gw_component` (
  `id_component` tinyint(2) unsigned NOT NULL AUTO_INCREMENT,
  `id_component_name` varchar(64) NOT NULL,
  `is_active` tinyint(1) unsigned NOT NULL DEFAULT '1',
  `int_sort` mediumint(8) unsigned NOT NULL DEFAULT '10',
  `vv1` tinyint(3) unsigned NOT NULL DEFAULT '1',
  `vv2` tinyint(3) unsigned NOT NULL DEFAULT '0',
  `vv3` tinyint(3) unsigned NOT NULL DEFAULT '0',
  `cname` varchar(128) NOT NULL,
  PRIMARY KEY (`id_component`)
) ENGINE=MyISAM AUTO_INCREMENT=24 DEFAULT CHARSET=utf8;
/*!40101 SET character_set_client = @saved_cs_client */;

--
-- Dumping data for table `gw_component`
--

LOCK TABLES `gw_component` WRITE;
/*!40000 ALTER TABLE `gw_component` DISABLE KEYS */;
INSERT INTO `gw_component` VALUES (13,'settings',1,110,1,8,10,'1138'),(14,'custom-pages',1,40,1,8,10,'custom\\_pages'),(17,'topics',1,30,1,8,10,'1333'),(18,'visual-themes',1,50,1,8,10,'1334'),(19,'terms',1,10,1,8,10,'terms'),(20,'dicts',1,20,1,8,10,'1335'),(21,'abbr',1,60,1,8,9,'1336'),(12,'menumanager',1,120,1,8,10,'1319'),(15,'virtual-keyboards',1,70,1,8,10,'virtual\\_keyboard'),(16,'custom-az',1,80,1,8,10,'custom\\_az'),(22,'log-search',1,90,1,8,10,'log\\_search'),(23,'users',1,100,1,8,10,'1337');
/*!40000 ALTER TABLE `gw_component` ENABLE KEYS */;
UNLOCK TABLES;

--
-- Table structure for table `gw_component_actions`
--

DROP TABLE IF EXISTS `gw_component_actions`;
/*!40101 SET @saved_cs_client     = @@character_set_client */;
/*!40101 SET character_set_client = utf8 */;
CREATE TABLE `gw_component_actions` (
  `id_action` tinyint(2) unsigned NOT NULL AUTO_INCREMENT,
  `aname` varchar(64) NOT NULL,
  `aname_sys` varchar(64) NOT NULL,
  `icon` varchar(64) NOT NULL,
  PRIMARY KEY (`id_action`)
) ENGINE=MyISAM AUTO_INCREMENT=13 DEFAULT CHARSET=utf8;
/*!40101 SET character_set_client = @saved_cs_client */;

--
-- Dumping data for table `gw_component_actions`
--

LOCK TABLES `gw_component_actions` WRITE;
/*!40000 ALTER TABLE `gw_component_actions` DISABLE KEYS */;
INSERT INTO `gw_component_actions` VALUES (1,'3\\_add','add','+'),(2,'3\\_browse','browse','…'),(3,'3\\_edit','edit','&#177;'),(4,'3\\_remove','remove','&#215;'),(11,'3\\_clean','clean','×'),(6,'3\\_import','import','&#8226;'),(7,'1330','add\\_component','+'),(8,'1329','add\\_menu\\_item','+'),(10,'3\\_export','export','•'),(9,'3\\_maintenance','maintenance','•'),(12,'1362','edit-own','+');
/*!40000 ALTER TABLE `gw_component_actions` ENABLE KEYS */;
UNLOCK TABLES;

--
-- Table structure for table `gw_component_map`
--

DROP TABLE IF EXISTS `gw_component_map`;
/*!40101 SET @saved_cs_client     = @@character_set_client */;
/*!40101 SET character_set_client = utf8 */;
CREATE TABLE `gw_component_map` (
  `id` smallint(5) unsigned NOT NULL AUTO_INCREMENT,
  `id_component` tinyint(2) unsigned NOT NULL DEFAULT '1',
  `id_action` tinyint(2) unsigned NOT NULL DEFAULT '1',
  `is_active_map` tinyint(1) unsigned NOT NULL DEFAULT '1',
  `is_in_menu` tinyint(1) unsigned NOT NULL DEFAULT '1',
  `int_sort` smallint(5) unsigned NOT NULL DEFAULT '10',
  `req_permission_map` text NOT NULL,
  PRIMARY KEY (`id`),
  KEY `id_component` (`id_action`,`id_component`)
) ENGINE=MyISAM AUTO_INCREMENT=99 DEFAULT CHARSET=utf8;
/*!40101 SET character_set_client = @saved_cs_client */;

--
-- Dumping data for table `gw_component_map`
--

LOCK TABLES `gw_component_map` WRITE;
/*!40000 ALTER TABLE `gw_component_map` DISABLE KEYS */;
INSERT INTO `gw_component_map` VALUES (58,16,2,1,1,10,':is-sys-settings:'),(56,15,4,1,0,40,':is-sys-settings:'),(57,15,3,1,0,30,':is-sys-settings:'),(4,12,2,1,1,10,':is-sys-settings:'),(5,12,3,1,0,50,':is-sys-settings:'),(48,14,6,1,2,30,':is-sys-settings:'),(7,12,7,1,2,20,':is-sys-settings:'),(8,12,8,1,2,30,':is-sys-settings:'),(9,12,4,1,0,60,':is-sys-settings:'),(51,14,4,1,0,60,':is-cpages-own:is-cpages:is-sys-settings:'),(47,14,1,1,1,20,':is-cpages-own:is-cpages:is-sys-settings:'),(45,14,3,1,0,50,':is-cpages-own:is-cpages:is-sys-settings:'),(49,14,10,1,1,40,':is-sys-settings:'),(42,13,3,1,1,10,':is-sys-settings:'),(43,13,9,1,1,10,':is-sys-settings:is-sys-mnt:'),(44,14,2,1,1,10,':is-cpages-own:is-cpages:is-sys-settings:'),(60,16,10,1,2,40,':is-sys-settings:'),(59,16,1,1,1,20,':is-sys-settings:'),(53,15,2,1,1,10,':is-sys-settings:'),(55,15,1,1,1,20,':is-sys-settings:'),(61,16,6,1,1,30,':is-sys-settings:'),(62,16,3,1,2,50,':is-sys-settings:'),(63,16,4,1,0,60,':is-sys-settings:'),(64,17,2,1,1,10,':is-topics-own:is-topics:is-sys-settings:'),(65,17,1,1,1,20,':is-topics-own:is-topics:is-sys-settings:'),(66,17,6,1,2,30,':is-sys-settings:'),(67,17,10,1,2,40,':is-sys-settings:'),(68,17,3,1,0,50,':is-topics-own:is-topics:is-sys-settings:'),(69,17,4,1,0,60,':is-topics-own:is-topics:is-sys-settings:'),(70,18,2,1,1,10,':is-sys-settings:'),(71,18,1,1,0,20,':is-sys-settings:'),(72,18,3,1,0,50,':is-sys-settings:'),(73,18,4,1,0,60,':is-sys-settings:'),(74,18,6,1,1,30,':is-sys-settings:'),(75,18,10,1,0,40,':is-sys-settings:'),(82,20,2,1,1,10,':is-dicts-own:is-dicts:is-terms-own:is-terms:is-terms-import:is-terms-export:is-sys-settings:'),(77,19,1,1,1,20,':is-terms-own:is-terms:is-sys-settings:'),(78,19,3,1,0,50,':is-terms-own:is-terms:is-sys-settings:'),(79,19,4,1,0,60,':is-terms-own:is-terms:is-sys-settings:'),(80,19,10,1,1,40,':is-terms-export:is-sys-settings:'),(81,19,6,1,1,30,':is-terms-import:is-sys-settings:'),(83,20,1,1,1,20,':is-dicts-own:is-sys-settings:'),(84,20,3,1,0,30,':is-dicts-own:is-dicts:is-sys-settings:'),(85,20,4,1,2,50,':is-dicts-own:is-dicts:is-sys-settings:'),(86,20,11,1,1,40,':is-dicts-own:is-dicts:is-sys-settings:'),(87,21,2,1,1,10,':is-sys-settings:'),(88,21,1,1,1,20,':is-sys-settings:'),(89,21,3,1,0,30,':is-sys-settings:'),(90,21,4,1,0,40,':is-sys-settings:'),(91,22,2,1,1,10,':is-sys-settings:'),(92,22,11,1,1,10,':is-sys-settings:'),(93,23,2,1,1,10,':is-users:'),(94,23,1,1,1,20,':is-users:'),(96,23,4,1,0,50,':is-users:'),(98,23,3,1,0,30,':is-users:is-sys-settings:'),(97,23,12,1,1,40,':is-email:is-login:is-password:is-profile:is-sys-settings:');
/*!40000 ALTER TABLE `gw_component_map` ENABLE KEYS */;
UNLOCK TABLES;

--
-- Table structure for table `gw_custom_az`
--

DROP TABLE IF EXISTS `gw_custom_az`;
/*!40101 SET @saved_cs_client     = @@character_set_client */;
/*!40101 SET character_set_client = utf8 */;
CREATE TABLE `gw_custom_az` (
  `id_letter` int(10) unsigned NOT NULL AUTO_INCREMENT,
  `id_profile` smallint(5) unsigned NOT NULL DEFAULT '1',
  `int_sort` int(10) unsigned NOT NULL DEFAULT '10',
  `az_value` varbinary(8) NOT NULL,
  `az_value_lc` varbinary(8) NOT NULL,
  `az_int` int(9) NOT NULL DEFAULT '0',
  PRIMARY KEY (`id_letter`),
  KEY `az_value` (`id_profile`,`int_sort`,`az_int`)
) ENGINE=MyISAM AUTO_INCREMENT=467 DEFAULT CHARSET=utf8;
/*!40101 SET character_set_client = @saved_cs_client */;

--
-- Dumping data for table `gw_custom_az`
--

LOCK TABLES `gw_custom_az` WRITE;
/*!40000 ALTER TABLE `gw_custom_az` DISABLE KEYS */;
INSERT INTO `gw_custom_az` VALUES (1,2,10,'A','a',65),(2,2,20,'B','b',66),(3,2,30,'Ç','ç',195135),(4,2,40,'D','d',68),(5,2,50,'E','e',69),(6,2,60,'Ə','ə',198143),(7,2,70,'F','f',70),(8,2,80,'G','g',71),(9,2,90,'Ğ','ğ',196158),(10,2,100,'H','h',72),(11,2,110,'X','x',88),(12,2,120,'I','ı',73),(13,2,130,'İ','i',196176),(14,2,140,'J','j',74),(15,2,150,'K','k',75),(16,2,160,'Q','q',81),(17,2,170,'L','l',76),(18,2,180,'M','m',77),(19,2,190,'N','n',78),(20,2,200,'O','o',79),(21,2,210,'Ö','ö',195150),(22,2,220,'P','p',80),(23,2,230,'R','r',82),(24,2,240,'S','s',83),(25,2,250,'Ş','ş',197158),(26,2,260,'T','t',84),(27,2,270,'U','u',85),(28,2,280,'Ü','ü',195156),(29,2,290,'V','v',86),(30,2,300,'Y','y',89),(31,2,310,'Z','z',90),(32,3,10,'A','a',65),(33,3,20,'Á','á',195129),(34,3,30,'B','b',66),(35,3,40,'C','c',67),(36,3,50,'Č','č',196140),(37,3,60,'D','d',68),(38,3,70,'Ď','ď',196142),(39,3,80,'E','e',69),(40,3,90,'É','é',195137),(41,3,100,'Ě','ě',196154),(42,3,110,'F','f',70),(43,3,120,'G','g',71),(44,3,130,'H','h',72),(45,3,140,'CH','ch',6772),(46,3,150,'I','i',73),(47,3,160,'Í','í',195141),(48,3,170,'J','j',74),(49,3,180,'K','k',75),(50,3,190,'L','l',76),(51,3,200,'M','m',77),(52,3,210,'N','n',78),(53,3,220,'Ň','ň',197135),(54,3,230,'O','o',79),(55,3,240,'Ó','ó',195147),(56,3,250,'P','p',80),(57,3,260,'R','r',82),(58,3,270,'Ř','ř',197152),(59,3,280,'S','s',83),(60,3,290,'Š','š',197160),(61,3,300,'T','t',84),(62,3,310,'Ť','ť',197164),(63,3,320,'U','u',85),(64,3,330,'Ú','ú',195154),(65,3,340,'Ů','ů',197174),(66,3,350,'V','v',86),(67,3,360,'W','w',87),(68,3,370,'X','x',88),(69,3,380,'Y','y',89),(70,3,390,'Ý','ý',195157),(71,3,400,'Z','z',90),(72,3,410,'Ž','ž',197189),(73,4,10,'A','a',65),(74,4,20,'B','b',66),(75,4,30,'C','c',67),(76,4,40,'Ĉ','ĉ',196136),(77,4,50,'D','d',68),(78,4,60,'E','e',69),(79,4,70,'F','f',70),(80,4,80,'G','g',71),(81,4,90,'Ĝ','ĝ',196156),(82,4,100,'H','h',72),(83,4,110,'Ĥ','ĥ',196164),(84,4,120,'I','i',73),(85,4,130,'J','j',74),(86,4,140,'Ĵ','ĵ',196180),(87,4,150,'K','k',75),(88,4,160,'L','l',76),(89,4,170,'M','m',77),(90,4,180,'N','n',78),(91,4,190,'O','o',79),(92,4,200,'P','p',80),(93,4,210,'R','r',82),(94,4,220,'S','s',83),(95,4,230,'Ŝ','ŝ',197156),(96,4,240,'T','t',84),(97,4,250,'U','u',85),(98,4,260,'Ŭ','ŭ',197172),(99,4,270,'V','v',86),(100,4,280,'Z','z',90),(101,5,10,'A','a',65),(102,5,20,'Á','á',195129),(103,5,30,'Ä','ä',195132),(104,5,40,'B','b',66),(105,5,50,'C','c',67),(106,5,60,'Č','č',196140),(107,5,70,'D','d',68),(108,5,80,'Ď','ď',196142),(109,5,90,'Ǳ','ǳ',199177),(110,5,100,'Ǆ','ǆ',199132),(111,5,110,'E','e',69),(112,5,120,'É','é',195137),(113,5,130,'F','f',70),(114,5,140,'G','g',71),(115,5,150,'H','h',72),(116,5,160,'CH','ch',6772),(117,5,170,'I','i',73),(118,5,180,'Í','í',195141),(119,5,190,'J','j',74),(120,5,200,'K','k',75),(121,5,210,'L','l',76),(122,5,220,'Ĺ','ĺ',196185),(123,5,230,'Ľ','ľ',196189),(124,5,240,'M','m',77),(125,5,250,'N','n',78),(126,5,260,'Ň','ň',197135),(127,5,270,'O','o',79),(128,5,280,'Ó','ó',195147),(129,5,290,'Ô','ô',195148),(130,5,300,'P','p',80),(131,5,310,'Q','q',81),(132,5,320,'R','r',82),(133,5,330,'Ŕ','ŕ',197148),(134,5,340,'S','s',83),(135,5,350,'Š','š',197160),(136,5,360,'T','t',84),(137,5,370,'Ť','ť',197164),(138,5,380,'U','u',85),(139,5,390,'Ú','ú',195154),(140,5,400,'V','v',86),(141,5,410,'W','w',87),(142,5,420,'X','x',88),(143,5,430,'Y','y',89),(144,5,440,'Ý','ý',195157),(145,5,450,'Z','z',90),(146,5,460,'Ž','ž',197189),(147,6,10,'A','a',65),(148,6,20,'À','à',195128),(149,6,30,'Â','â',195130),(150,6,40,'Æ','æ',195134),(151,6,50,'B','b',66),(152,6,60,'C','c',67),(153,6,70,'Ç','ç',195135),(154,6,80,'D','d',68),(155,6,90,'E','e',69),(156,6,100,'É','é',195137),(157,6,110,'È','è',195136),(158,6,120,'Ê','ê',195138),(159,6,130,'Ë','ë',195139),(160,6,140,'F','f',70),(161,6,150,'G','g',71),(162,6,160,'H','h',72),(163,6,170,'I','i',73),(164,6,180,'Î','î',195142),(165,6,190,'Ï','ï',195143),(166,6,200,'J','j',74),(167,6,210,'K','k',75),(168,6,220,'L','l',76),(169,6,230,'M','m',77),(170,6,240,'N','n',78),(171,6,250,'O','o',79),(172,6,260,'Ô','ô',195148),(173,6,270,'Œ','œ',197146),(174,6,280,'P','p',80),(175,6,290,'Q','q',81),(176,6,300,'R','r',82),(177,6,310,'S','s',83),(178,6,320,'T','t',84),(179,6,330,'U','u',85),(180,6,340,'Ù','ù',195153),(181,6,350,'Û','û',195155),(182,6,360,'Ü','ü',195156),(183,6,370,'V','v',86),(184,6,380,'W','w',87),(185,6,390,'X','x',88),(186,6,400,'Y','y',89),(187,6,410,'Z','z',90),(188,7,10,'ء','ء',216161),(189,7,20,'ا','ا',216167),(190,7,40,'ب','ب',216168),(191,7,50,'ت','ت',216170),(192,7,60,'ث','ث',216171),(193,7,70,'ج','ج',216172),(194,7,80,'ح','ح',216173),(195,7,90,'خ','خ',216174),(196,7,100,'د','د',216175),(197,7,110,'ذ','ذ',216176),(198,7,120,'ر','ر',216177),(199,7,130,'ز','ز',216178),(200,7,140,'س','س',216179),(201,7,150,'ش','ش',216180),(202,7,160,'ص','ص',216181),(203,7,170,'ض','ض',216182),(204,7,180,'ط','ط',216183),(205,7,190,'ظ','ظ',216184),(206,7,200,'ع','ع',216185),(207,7,210,'غ','غ',216186),(208,7,220,'ف','ف',217129),(209,7,230,'ق','ق',217130),(210,7,240,'ك','ك',217131),(211,7,250,'ل','ل',217132),(212,7,260,'م','م',217133),(213,7,270,'ن','ن',217134),(214,7,280,'ه','ه',217135),(215,7,290,'و','و',217136),(216,7,300,'ي','ي',217138),(217,7,310,'ى','ى',217137),(218,8,20,'ب','ب',216168),(219,8,30,'پ','پ',217190),(220,8,40,'ت','ت',216170),(221,8,50,'ټ','ټ',217188),(222,8,60,'ث','ث',216171),(223,8,70,'ج','ج',216172),(224,8,80,'چ','چ',218134),(225,8,90,'ڂ','ڂ',218130),(226,8,100,'څ','څ',218133),(227,8,110,'ح','ح',216173),(228,8,120,'خ','خ',216174),(229,8,130,'د','د',216175),(230,8,140,'ډ','ډ',218137),(231,8,150,'ذ','ذ',216176),(232,8,160,'ر','ر',216177),(233,8,170,'ړ','ړ',218147),(234,8,180,'ز','ز',216178),(235,8,190,'ژ','ژ',218152),(236,8,200,'ږ','ږ',218150),(237,8,210,'س','س',216179),(238,8,220,'ش','ش',216180),(239,8,230,'ښ','ښ',218154),(240,8,240,'ص','ص',216181),(241,8,250,'ض','ض',216182),(242,8,260,'ط','ط',216183),(243,8,270,'ظ','ظ',216184),(244,8,280,'ع','ع',216185),(245,8,290,'غ','غ',216186),(246,8,300,'ف','ف',217129),(247,8,310,'ق','ق',217130),(248,8,320,'ک','ک',218169),(249,8,330,'گ','گ',218175),(250,8,340,'ل','ل',217132),(251,8,350,'م','م',217133),(252,8,360,'ن','ن',217134),(253,8,370,'ڼ','ڼ',218188),(254,8,380,'و','و',217136),(255,8,390,'ه','ه',217135),(256,8,400,'ی','ی',219140),(257,8,410,'ې','ې',219144),(258,8,420,'ۍ','ۍ',219141),(259,9,10,'A','a',65),(260,9,20,'A','â',65),(261,9,30,'A','Â',65),(262,9,40,'B','b',66),(263,9,50,'C','c',67),(264,9,60,'Ç','ç',195135),(265,9,70,'D','d',68),(266,9,80,'E','e',69),(267,9,90,'F','f',70),(268,9,100,'G','g',71),(269,9,110,'Ğ','ğ',196158),(270,9,120,'H','h',72),(271,9,130,'I','ı',73),(272,9,140,'İ','i',196176),(273,9,150,'İ','Î',196176),(274,9,160,'İ','î',196176),(275,9,170,'J','j',74),(276,9,180,'K','k',75),(277,9,190,'L','l',76),(278,9,200,'M','m',77),(279,9,210,'N','n',78),(280,9,220,'O','o',79),(281,9,230,'Ö','ö',195150),(282,9,240,'P','p',80),(283,9,250,'R','r',82),(284,9,260,'S','s',83),(285,9,270,'Ş','ş',197158),(286,9,280,'T','t',84),(287,9,290,'U','u',85),(288,9,300,'U','û',85),(289,9,310,'U','Û',85),(290,9,320,'Ü','ü',195156),(291,9,330,'V','v',86),(292,9,340,'Y','y',89),(293,9,350,'Z','z',90),(294,10,10,'А','а',208144),(295,10,20,'Б','б',208145),(296,10,30,'В','в',208146),(297,10,40,'Г','г',208147),(298,10,50,'Д','д',208148),(299,10,60,'Е','е',208149),(300,10,70,'Ё','ё',208129),(301,10,80,'Ж','ж',208150),(302,10,90,'З','з',208151),(303,10,100,'И','и',208152),(304,10,110,'Й','й',208153),(305,10,120,'К','к',208154),(306,10,130,'Л','л',208155),(307,10,140,'М','м',208156),(308,10,150,'Н','н',208157),(309,10,160,'О','о',208158),(310,10,170,'П','п',208159),(311,10,180,'Р','р',208160),(312,10,190,'С','с',208161),(313,10,200,'Т','т',208162),(314,10,210,'У','у',208163),(315,10,220,'Ф','ф',208164),(316,10,230,'Х','ч',208165),(317,10,240,'Ц','ц',208166),(318,10,250,'Ч','ч',208167),(319,10,260,'Ш','ш',208168),(320,10,270,'Щ','щ',208169),(321,10,280,'Ы','ы',208171),(322,10,290,'Э','э',208173),(323,10,300,'Ю','ю',208174),(324,10,310,'Я','я',208175),(325,11,10,'A','a',65),(326,11,20,'B','b',66),(327,11,30,'C','c',67),(328,11,40,'Ç','ç',195135),(329,11,50,'D','d',68),(330,11,60,'E','e',69),(331,11,70,'Ê','ê',195138),(332,11,80,'F','f',70),(333,11,90,'G','g',71),(334,11,100,'H','h',72),(335,11,110,'I','i',73),(336,11,120,'Î','î',195142),(337,11,130,'J','j',74),(338,11,140,'K','k',75),(339,11,150,'L','l',76),(340,11,160,'M','m',77),(341,11,170,'N','n',78),(342,11,180,'O','o',79),(343,11,190,'P','p',80),(344,11,200,'Q','q',81),(345,11,210,'R','r',82),(346,11,220,'S','s',83),(347,11,230,'Ş','ş',197158),(348,11,240,'T','t',84),(349,11,250,'U','u',85),(350,11,260,'Û','û',195155),(351,11,270,'V','v',86),(352,11,280,'W','w',87),(353,11,290,'X','x',88),(354,11,300,'Y','y',89),(355,11,310,'Z','z',90),(356,12,10,'A','a',65),(357,12,20,'B','b',66),(358,12,30,'C','c',67),(359,12,40,'D','d',68),(360,12,50,'E','e',69),(361,12,60,'F','f',70),(362,12,70,'G','g',71),(363,12,80,'H','h',72),(364,12,90,'I','i',73),(365,12,100,'J','j',74),(366,12,110,'K','k',75),(367,12,120,'L','l',76),(368,12,130,'M','m',77),(369,12,140,'N','n',78),(370,12,150,'O','o',79),(371,12,160,'P','p',80),(372,12,170,'Q','q',81),(373,12,180,'R','r',82),(374,12,190,'S','s',83),(375,12,200,'T','t',84),(376,12,210,'U','u',85),(377,12,220,'V','v',86),(378,12,230,'W','w',87),(379,12,240,'X','x',88),(380,12,250,'Y','y',89),(381,12,260,'Z','z',90),(382,13,10,'A','a',65),(383,13,20,'B','b',66),(384,13,30,'C','c',67),(385,13,40,'CH','ch',6772),(386,13,50,'D','d',68),(387,13,60,'E','e',69),(388,13,70,'F','f',70),(389,13,80,'G','g',71),(390,13,90,'H','h',72),(391,13,100,'I','i',73),(392,13,110,'J','j',74),(393,13,120,'K','k',75),(394,13,130,'L','l',76),(395,13,140,'LL','ll',7676),(396,13,150,'M','m',77),(397,13,160,'N','n',78),(398,13,170,'Ñ','ñ',195145),(399,13,180,'O','o',79),(400,13,190,'P','p',80),(401,13,200,'Q','q',81),(402,13,210,'R','r',82),(403,13,220,'S','s',83),(404,13,230,'T','t',84),(405,13,240,'U','u',85),(406,13,250,'V','v',86),(407,13,260,'W','w',87),(408,13,270,'X','x',88),(409,13,280,'Y','y',89),(410,13,290,'Z','z',90),(411,14,10,'A','a',65),(412,14,20,'B','b',66),(413,14,30,'C','c',67),(414,14,40,'D','d',68),(415,14,50,'E','e',69),(416,14,60,'F','f',70),(417,14,70,'G','g',71),(418,14,80,'H','h',72),(419,14,90,'I','i',73),(420,14,100,'J','j',74),(421,14,110,'K','k',75),(422,14,120,'L','l',76),(423,14,130,'M','m',77),(424,14,140,'N','n',78),(425,14,150,'O','o',79),(426,14,160,'P','p',80),(427,14,170,'Q','q',81),(428,14,180,'R','r',82),(429,14,190,'S','s',83),(430,14,200,'T','t',84),(431,14,210,'U','u',85),(432,14,220,'V','v',86),(433,14,230,'W','w',87),(434,14,240,'X','x',88),(435,14,250,'Y','y',89),(436,14,260,'Ĳ','ĳ',196178),(437,14,270,'Z','z',90),(438,15,10,'A','a',65),(439,15,20,'B','b',66),(440,15,30,'C','c',67),(441,15,40,'D','d',68),(442,15,50,'E','e',69),(443,15,60,'F','f',70),(444,15,70,'G','g',71),(445,15,80,'H','h',72),(446,15,90,'I','i',73),(447,15,100,'J','j',74),(448,15,110,'K','k',75),(449,15,120,'L','l',76),(450,15,130,'M','m',77),(451,15,140,'N','n',78),(452,15,150,'O','o',79),(453,15,160,'P','p',80),(454,15,170,'Q','q',81),(455,15,180,'R','r',82),(456,15,190,'S','s',83),(457,15,200,'T','t',84),(458,15,210,'U','u',85),(459,15,220,'V','v',86),(460,15,230,'W','w',87),(461,15,240,'X','x',88),(462,15,250,'Y','y',89),(463,15,260,'Z','z',90),(464,15,270,'Æ','æ',195134),(465,15,280,'Ø','ø',195152),(466,15,290,'Å','å',195133);
/*!40000 ALTER TABLE `gw_custom_az` ENABLE KEYS */;
UNLOCK TABLES;

--
-- Table structure for table `gw_custom_az_profiles`
--

DROP TABLE IF EXISTS `gw_custom_az_profiles`;
/*!40101 SET @saved_cs_client     = @@character_set_client */;
/*!40101 SET character_set_client = utf8 */;
CREATE TABLE `gw_custom_az_profiles` (
  `id_profile` smallint(5) unsigned NOT NULL AUTO_INCREMENT,
  `is_active` tinyint(1) unsigned NOT NULL DEFAULT '1',
  `profile_name` tinyblob NOT NULL,
  PRIMARY KEY (`id_profile`)
) ENGINE=MyISAM AUTO_INCREMENT=16 DEFAULT CHARSET=utf8;
/*!40101 SET character_set_client = @saved_cs_client */;

--
-- Dumping data for table `gw_custom_az_profiles`
--

LOCK TABLES `gw_custom_az_profiles` WRITE;
/*!40000 ALTER TABLE `gw_custom_az_profiles` DISABLE KEYS */;
INSERT INTO `gw_custom_az_profiles` VALUES (1,1,'! UTF-8 Order'),(2,1,'Azerbaijani - Azərbaycan dili'),(3,1,'Czech - Česká'),(4,1,'Esperanto'),(5,1,'Slovak - Slovensky'),(6,1,'French - Français'),(7,1,'Arabic العربية'),(8,1,'Pushto پښتو'),(9,1,'Turkish - Türkçe'),(10,1,'Russian - Русский'),(11,1,'Kurdish - Kurmanji'),(12,1,'English'),(13,1,'Spanish - Español'),(14,1,'Dutch - Nederlands'),(15,1,'Danish - Dansk');
/*!40000 ALTER TABLE `gw_custom_az_profiles` ENABLE KEYS */;
UNLOCK TABLES;

--
-- Table structure for table `gw_dict`
--

DROP TABLE IF EXISTS `gw_dict`;
/*!40101 SET @saved_cs_client     = @@character_set_client */;
/*!40101 SET character_set_client = utf8 */;
CREATE TABLE `gw_dict` (
  `id` smallint(5) unsigned NOT NULL AUTO_INCREMENT,
  `id_topic` tinyint(3) unsigned NOT NULL DEFAULT '1',
  `is_active` tinyint(1) unsigned NOT NULL DEFAULT '0',
  `id_user` smallint(5) unsigned NOT NULL DEFAULT '1',
  `id_custom_az` mediumint(8) unsigned NOT NULL DEFAULT '1',
  `id_vkbd` smallint(5) unsigned NOT NULL DEFAULT '0',
  `lang` varchar(12) NOT NULL DEFAULT 'en-utf8',
  `date_modified` int(10) unsigned NOT NULL DEFAULT '0',
  `date_created` int(10) unsigned NOT NULL DEFAULT '0',
  `int_terms` mediumint(8) unsigned NOT NULL DEFAULT '0',
  `int_terms_total` int(10) unsigned NOT NULL DEFAULT '0',
  `int_bytes` int(10) unsigned NOT NULL DEFAULT '0',
  `tablename` varchar(32) NOT NULL DEFAULT '',
  `visualtheme` varchar(64) NOT NULL DEFAULT 'gw_silver',
  `title` varbinary(255) NOT NULL DEFAULT '',
  `dict_uri` varbinary(255) NOT NULL DEFAULT '',
  `announce` varbinary(255) NOT NULL DEFAULT '',
  `description` blob NOT NULL,
  `keywords` varbinary(255) NOT NULL DEFAULT '',
  `dict_settings` blob NOT NULL,
  PRIMARY KEY (`id`),
  KEY `date_created` (`date_created`)
) ENGINE=MyISAM AUTO_INCREMENT=2 DEFAULT CHARSET=utf8;
/*!40101 SET character_set_client = @saved_cs_client */;

--
-- Dumping data for table `gw_dict`
--

LOCK TABLES `gw_dict` WRITE;
/*!40000 ALTER TABLE `gw_dict` DISABLE KEYS */;
INSERT INTO `gw_dict` VALUES (1,1,1,2,1,0,'0',1364426003,1364425943,20,20,9274,'gw_dict_example','0','Example dictionary','Example dictionary','','','','a:41:{s:10:\"page\\_limit\";s:2:\"20\";s:17:\"page\\_limit\\_search\";s:2:\"20\";s:15:\"min\\_srch\\_length\";s:1:\"1\";s:20:\"recent\\_terms\\_sorting\";s:1:\"1\";s:19:\"recent\\_terms\\_number\";s:2:\"10\";s:20:\"recent\\_terms\\_display\";s:1:\"1\";s:19:\"ar\\_filter\\_stopwords\";a:0:{}s:18:\"ar\\_filter\\_specials\";a:0:{}s:7:\"is\\_trsp\";i:0;s:7:\"is\\_trns\";s:1:\"1\";s:7:\"is\\_abbr\";s:1:\"1\";s:7:\"is\\_defn\";s:1:\"1\";s:6:\"is\\_usg\";i:0;s:6:\"is\\_src\";s:1:\"1\";s:6:\"is\\_syn\";s:1:\"1\";s:8:\"is\\_audio\";i:0;s:10:\"is\\_antonym\";i:0;s:6:\"is\\_see\";s:1:\"1\";s:8:\"is\\_phone\";i:0;s:10:\"is\\_address\";i:0;s:12:\"is\\_show\\_full\";i:0;s:16:\"is\\_dict\\_as\\_index\";i:0;s:20:\"is\\_show\\_tooltip\\_defn\";i:0;s:18:\"is\\_filter\\_specials\";i:0;s:19:\"is\\_filter\\_stopwords\";i:0;s:10:\"is\\_show\\_az\";s:1:\"1\";s:8:\"is\\_leech\";i:0;s:11:\"is\\_sens\\_num\";i:0;s:11:\"is\\_sens\\_alp\";i:0;s:11:\"is\\_sens\\_chr\";i:0;s:11:\"is\\_sens\\_dia\";i:0;s:21:\"is\\_show\\_date\\_modified\";i:0;s:15:\"is\\_show\\_authors\";i:0;s:12:\"is\\_abbr\\_long\";i:0;s:20:\"is\\_show\\_term\\_suggest\";s:1:\"1\";s:19:\"is\\_show\\_term\\_report\";s:1:\"1\";s:20:\"is\\_show\\_page\\_refresh\";i:0;s:17:\"is\\_show\\_page\\_send\";i:0;s:24:\"is\\_show\\_add\\_to\\_favorites\";i:0;s:21:\"is\\_show\\_add\\_to\\_search\";s:1:\"1\";s:20:\"is\\_show\\_printversion\";s:1:\"1\";}');
/*!40000 ALTER TABLE `gw_dict` ENABLE KEYS */;
UNLOCK TABLES;

--
-- Table structure for table `gw_dict_example`
--

DROP TABLE IF EXISTS `gw_dict_example`;
/*!40101 SET @saved_cs_client     = @@character_set_client */;
/*!40101 SET character_set_client = utf8 */;
CREATE TABLE `gw_dict_example` (
  `id` int(10) unsigned NOT NULL AUTO_INCREMENT,
  `id_user` int(10) unsigned NOT NULL DEFAULT '2',
  `is_active` tinyint(1) unsigned NOT NULL DEFAULT '1',
  `is_complete` tinyint(1) unsigned NOT NULL DEFAULT '1',
  `date_modified` int(10) unsigned NOT NULL DEFAULT '0',
  `date_created` int(10) unsigned NOT NULL DEFAULT '0',
  `int_bytes` mediumint(8) unsigned NOT NULL DEFAULT '0',
  `crc32u` int(10) NOT NULL DEFAULT '0',
  `term_a` int(9) unsigned NOT NULL DEFAULT '0',
  `term_b` int(9) unsigned NOT NULL DEFAULT '0',
  `term_c` int(9) unsigned NOT NULL DEFAULT '0',
  `term_d` int(9) unsigned NOT NULL DEFAULT '0',
  `term_e` int(9) unsigned NOT NULL DEFAULT '0',
  `term_f` int(9) unsigned NOT NULL DEFAULT '0',
  `term_1` varbinary(16) NOT NULL DEFAULT '',
  `term_2` varbinary(16) NOT NULL DEFAULT '',
  `term_3` varbinary(16) NOT NULL DEFAULT '',
  `term` varbinary(255) NOT NULL DEFAULT '',
  `term_uri` varchar(255) NOT NULL DEFAULT '',
  `term_order` tinyblob NOT NULL,
  `defn` mediumblob NOT NULL,
  PRIMARY KEY (`id`),
  KEY `count` (`is_active`,`date_created`),
  KEY `recent` (`is_active`,`date_modified`,`date_created`),
  KEY `term123` (`is_active`,`term_1`,`term_2`,`term_3`,`date_created`)
) ENGINE=MyISAM AUTO_INCREMENT=63 DEFAULT CHARSET=utf8;
/*!40101 SET character_set_client = @saved_cs_client */;

--
-- Dumping data for table `gw_dict_example`
--

LOCK TABLES `gw_dict_example` WRITE;
/*!40000 ALTER TABLE `gw_dict_example` DISABLE KEYS */;
INSERT INTO `gw_dict_example` VALUES (33,2,1,1,1215233268,1215233268,974,1117839443,65,66,79,85,84,0,'A','B&amp;','B&amp;&quot;','About','about','ABOUT','<defn><trns lang=\"131\"><![CDATA[Sobre]]></trns><trns lang=\"137\"><![CDATA[O programu]]></trns><trns lang=\"115\"><![CDATA[Om]]></trns><trns lang=\"106\"><![CDATA[Info]]></trns><trns lang=\"116\"><![CDATA[Info]]></trns><trns lang=\"186\"><![CDATA[Acerca de]]></trns><trns lang=\"104\"><![CDATA[Tietoja]]></trns><trns lang=\"105\"><![CDATA[À propos de]]></trns><trns lang=\"107\"><![CDATA[Πληροφορίες]]></trns><trns lang=\"108\"><![CDATA[אודות]]></trns><trns lang=\"119\"><![CDATA[Névjegy]]></trns><trns lang=\"133\"><![CDATA[Informazioni su]]></trns><trns lang=\"170\"><![CDATA[バージョン情報]]></trns><trns lang=\"182\"><![CDATA[저장]]></trns><trns lang=\"130\"><![CDATA[Om]]></trns><trns lang=\"139\"><![CDATA[Informacje]]></trns><trns lang=\"173\"><![CDATA[Èo je]]></trns><trns lang=\"122\"><![CDATA[Acerca de]]></trns><trns lang=\"123\"><![CDATA[Om]]></trns><trns lang=\"129\"><![CDATA[Hakkýnda]]></trns><![CDATA[]]><src><![CDATA[Microsoft International Word List]]></src></defn>'),(59,2,1,1,1215233268,1215233268,482,604282728,65,76,76,32,70,73,'A','L','L','All fields','all-fields','ALL FIELDS','<defn><trsp><![CDATA[Transcription]]></trsp><abbr lang=\"044\"><![CDATA[Abbreviation]]></abbr><trns lang=\"103\"><![CDATA[Translation]]></trns><![CDATA[<p>Example with all fields.</p>]]><usg><![CDATA[usage 1 usage 2]]></usg><syn link=\"All fields\"><![CDATA[All fields]]></syn><antonym link=\"All fields\"><![CDATA[All fields]]></antonym><see link=\"All fields\" text=\"as is\"><![CDATA[All fields]]></see><src><![CDATA[Imagination]]></src></defn><defn><![CDATA[<p>Second example.</p>]]></defn>'),(3,2,1,1,1215233268,1215233268,210,-79290400,65,85,84,79,76,73,'A','U','T','Autolinks','autolinks','AUTOLINKS','<defn><abbr lang=\"167\"><![CDATA[]]></abbr><![CDATA[<p>ASCII or ASP and &quot;CGI&quot; so (CMS) in [CSS] of DNS; from XML to HTML next HTTP and ICRA.</p> <p>On the other side -- W3C and ヒトリ.</p>]]></defn>'),(27,2,1,1,1215233268,1215233268,281,1384825573,70,69,69,68,72,79,'F','E','E','Feedhorn','feedhorn','FEEDHORN','<defn><![CDATA[One of the main components in any satellite receiving system, the feedhorn collects the satellite signals that are reflected to the focal point of the dish and feeds them to the system&#39;s LNA (e.g., RF Unit).]]><see link=\"RF Unit\"><![CDATA[RF Unit]]></see></defn>'),(61,2,1,1,1215233268,1215233268,575,337687609,71,82,79,83,83,32,'G','R','O','Gross domestic product (GDP)','gross-domestic-product-gdp','GROSS DOMESTIC PRODUCT (GDP)','<defn><trns lang=\"120\"><![CDATA[Валовой внутренний продукт (ВВП)]]></trns><![CDATA[Рыночная стоимость товаров и услуг, произведенных в течение определенного периода, включая доход иностранных корпораций и нерезидентов, работающих в США; однако, при этом исключается доход американских граждан и корпораций, работающих за рубежом.]]></defn>'),(18,2,1,1,1215233268,1215233268,140,-1471855861,73,79,78,73,67,32,'I','O','N','Ionic Bonding','ionic-bonding','IONIC BONDING','<defn><![CDATA[Chemical bonding resulting from the transfer of one or more electrons from one atom or a group of atoms to another.]]></defn>'),(29,2,1,1,1215233268,1215233268,242,-91431058,82,70,32,85,78,73,'R','F','F','RF Unit','rf-unit','RF UNIT','<defn><![CDATA[]]><abbr><![CDATA[RFU]]></abbr><![CDATA[The radio on PES 5000, 6000 and 8000 series remote terminals. The RF Unit is mounted on the feed support arm of the antenna and provides analogue receive and transmit functions.]]></defn>'),(35,2,1,1,1215233268,1215233268,344,1277924383,84,65,66,83,72,69,'T','A','B','TabSheet1Caption','tab-sheet-1-caption','TABSHEET1CAPTION','<defn><![CDATA[]]><trns lang=\"103\"><![CDATA[Current optimization set]]></trns><![CDATA[]]><trns lang=\"120\"><![CDATA[Текущий набор настроек]]></trns><![CDATA[]]><trns lang=\"106\"><![CDATA[Gaengliche Optimisierungsgruppe]]></trns><![CDATA[]]><trns lang=\"105\"><![CDATA[Jeu d&#39;optimisation courant]]></trns><![CDATA[]]></defn>'),(5,2,1,1,1215233268,1215233268,1096,243350608,85,84,70,45,56,0,'U','T','F','UTF-8','utf-8','UTF-8','<defn><![CDATA[<p>UTF-8 (8-bit Unicode Transformation Format) is a lossless, variable-length character encoding for Unicode created by Rob Pike and Ken Thompson. It uses groups of bytes to represent the Unicode standard for the alphabets of many of the world&#39;s languages. UTF-8 is especially useful for transmission over 8-bit mail systems.</p>  <p>It uses 1 to 4 bytes per character, depending on the Unicode symbol. For example, only one UTF-8 byte is needed to encode the 128 US-ASCII characters in the Unicode range U+0000 to U+007F.</p>   <p>While it may seem inefficient to represent Unicode characters with as many as 4 bytes, UTF-8 allows legacy systems to transmit this ASCII superset. Additionally, data compression can still be performed independently of the use of UTF-8.</p>  <p>The IETF requires all Internet protocols to identify the encoding used for character data with UTF-8 as at least one supported encoding.</p>]]><see><![CDATA[UTF-16 <a href=\"http://www.ccss.de/slovo/testuni.htm\" title=\"www.ccss.de\">a UTF-8 test page</a>]]></see><src><![CDATA[Wikipedia]]></src></defn>'),(21,2,1,1,1215233268,1215233268,272,-1012816234,88,77,76,32,68,69,'X','M','L','XML declaration','xml-declaration','XML DECLARATION','<defn><![CDATA[Part of an XML document that defines the version of XML being used. Although the XML declaration looks like a processing instruction, it is not. For that reason, you cannot access the XML declaration from an XSLT stylesheet or an XPath expression.]]></defn>'),(7,2,1,1,1215233268,1215233268,1706,2127657112,66,76,65,67,75,0,'B','L','A','black','black','BLACK','<defn><trns lang=\"100\"><![CDATA[swart]]></trns><trns lang=\"185\"><![CDATA[e zezë]]></trns><trns lang=\"111\"><![CDATA[черен]]></trns><trns lang=\"112\"><![CDATA[negre]]></trns><trns lang=\"114\"><![CDATA[黑色]]></trns><trns lang=\"174\"><![CDATA[crno]]></trns><trns lang=\"137\"><![CDATA[černá]]></trns><trns lang=\"115\"><![CDATA[sort]]></trns><trns lang=\"116\"><![CDATA[zwart]]></trns><trns lang=\"104\"><![CDATA[musta]]></trns><trns lang=\"105\"><![CDATA[noir]]></trns><trns lang=\"106\"><![CDATA[schwarz]]></trns><trns lang=\"107\"><![CDATA[μαύρο]]></trns><trns lang=\"108\"><![CDATA[שחור]]></trns><trns lang=\"119\"><![CDATA[fekete]]></trns><trns lang=\"138\"><![CDATA[svartur]]></trns><trns lang=\"181\"><![CDATA[hitam]]></trns><trns lang=\"183\"><![CDATA[dubh]]></trns><trns lang=\"133\"><![CDATA[nero]]></trns><trns lang=\"170\"><![CDATA[黒]]></trns><trns lang=\"182\"><![CDATA[검정섁]]></trns><trns lang=\"110\"><![CDATA[niger]]></trns><trns lang=\"180\"><![CDATA[hitam]]></trns><trns lang=\"172\"><![CDATA[iswed]]></trns><trns lang=\"130\"><![CDATA[sort]]></trns><trns lang=\"139\"><![CDATA[czarny]]></trns><trns lang=\"131\"><![CDATA[preto]]></trns><trns lang=\"121\"><![CDATA[negru]]></trns><trns lang=\"120\"><![CDATA[чёрный]]></trns><trns lang=\"175\"><![CDATA[црна]]></trns><trns lang=\"173\"><![CDATA[čierna]]></trns><trns lang=\"122\"><![CDATA[negro]]></trns><trns lang=\"123\"><![CDATA[svart]]></trns><trns lang=\"177\"><![CDATA[nyeusi]]></trns><trns lang=\"178\"><![CDATA[bontsho]]></trns><trns lang=\"129\"><![CDATA[siyah]]></trns><trns lang=\"124\"><![CDATA[màu đen]]></trns><trns lang=\"171\"><![CDATA[du]]></trns><trns lang=\"184\"><![CDATA[mnyama]]></trns><trns lang=\"176\"><![CDATA[kumneyama]]></trns><![CDATA[]]></defn>'),(9,2,1,1,1215233268,1215233268,388,1668084682,66,79,66,0,0,0,'B','O','B','bob','bob','BOB','<trsp><![CDATA[bob, bab]]></trsp><defn><![CDATA[ ]]><abbr lang=\"012\"><![CDATA[]]></abbr><![CDATA[ ]]><abbr lang=\"048\"><![CDATA[]]></abbr><![CDATA[ ]]><trns><![CDATA[saç lülesi]]></trns><![CDATA[]]></defn><defn><![CDATA[ ]]><abbr lang=\"012\"><![CDATA[]]></abbr><![CDATA[ ]]><abbr lang=\"048\"><![CDATA[]]></abbr><![CDATA[ ]]><trns><![CDATA[hafifçe kımıldamak]]></trns><![CDATA[]]></defn>'),(10,2,1,1,1215233268,1215233268,269,-617769825,66,79,66,66,73,78,'B','O','B','bobbin','bobbin','BOBBIN','<trsp><![CDATA[bab\'in]]></trsp><defn><![CDATA[ ]]><abbr lang=\"048\"><![CDATA[]]></abbr><![CDATA[ ]]><trns><![CDATA[makara]]></trns><![CDATA[]]></defn><defn><![CDATA[ ]]><abbr lang=\"048\"><![CDATA[]]></abbr><![CDATA[ ]]><trns><![CDATA[ufak iğ]]></trns><![CDATA[]]></defn>'),(11,2,1,1,1215233268,1215233268,383,-314710522,66,79,68,89,0,0,'B','O','D','body','body','BODY','<trsp><![CDATA[bad\'i]]></trsp><defn><![CDATA[ ]]><abbr lang=\"048\"><![CDATA[]]></abbr><![CDATA[ ]]><trns><![CDATA[beden]]></trns><![CDATA[]]></defn><defn><![CDATA[ ]]><abbr lang=\"048\"><![CDATA[]]></abbr><![CDATA[ ]]><trns><![CDATA[ceset]]></trns><![CDATA[]]></defn><defn><![CDATA[ ]]><abbr lang=\"048\"><![CDATA[]]></abbr><![CDATA[ ]]><trns><![CDATA[karoser]]></trns><![CDATA[]]></defn>'),(13,2,1,1,1215233268,1215233268,150,1189216471,66,79,76,68,0,0,'B','O','L','bold','bold','BOLD','<trsp><![CDATA[bould]]></trsp><defn><![CDATA[ ]]><abbr lang=\"036\"><![CDATA[]]></abbr><![CDATA[ ]]><trns><![CDATA[cüretli]]></trns><![CDATA[]]></defn>'),(62,2,1,1,1215233268,1215233268,545,860432961,67,79,77,80,76,69,'C','O','M','completion','completion','COMPLETION','<defn><abbr lang=\"048\"><![CDATA[]]></abbr><![CDATA[(in land law) The point at which ownership of land that is the subject of a contract for its sale changes hands. The purchaser hands over any unpaid balance of the price in exchange for the title deeds and a valid conveyance of the land to him if the land is unregistered. If the land is registered, the purchaser receives a simple form of transfer that must be lodged at the appropriate District Land Registry with the land certificate.]]><src><![CDATA[Oxford Dictionary of Law]]></src></defn>'),(45,2,1,1,1215233268,1215233268,449,-109498149,71,76,79,79,77,0,'G','L','O','gloom','gloom','GLOOM','<defn><![CDATA[<p>a state of partial or total darkness</p>]]><usg><![CDATA[he struck a match to dispell the gloom]]></usg><syn><![CDATA[somberness sombreness]]></syn></defn><defn><![CDATA[<p>a feeling of melancholy apprehension</p>]]><syn><![CDATA[gloominess somberness]]></syn></defn><defn><![CDATA[<p>an atmosphere of depression and melancholy</p>]]><usg><![CDATA[gloom pervaded the office]]></usg><syn><![CDATA[gloominess glumness]]></syn></defn>'),(14,2,1,1,1215233268,1215233268,116,-1342978499,80,65,78,84,72,69,'P','A','N','panther','panther','PANTHER','<defn><![CDATA[]]><trsp><![CDATA[´pænθə]]></trsp><trns lang=\"124\"><![CDATA[con báo]]></trns><![CDATA[]]></defn>'),(44,2,1,1,1215233268,1215233268,301,-1580235338,80,73,67,72,73,67,'P','I','C','pichicato','pichicato','PICHICATO','<defn><![CDATA[cicatero, miserable, que escatima lo que debe dar (del italiano &quot;pizzicato&quot; = pellizcado).]]><usg><![CDATA[¡No seas pichicata, Margarita! Le estás dando muy poquita comida a ese pobre gato.]]></usg><usg><![CDATA[123 123]]></usg><src><![CDATA[Jerga de México]]></src></defn>'),(23,2,1,1,1215233268,1215233268,351,984723126,83,79,85,84,72,73,'S','O','U','southing','southing','SOUTHING','<defn><![CDATA[]]><abbr lang=\"048\"><![CDATA[]]></abbr><![CDATA[a southern movement.]]></defn><defn><![CDATA[]]><abbr lang=\"144\"><![CDATA[]]></abbr><![CDATA[the distance travelled or measured southward.]]></defn><defn><![CDATA[]]><abbr lang=\"062\"><![CDATA[]]></abbr><![CDATA[the angular distance of a star etc. south of the celestial equator.]]></defn>');
/*!40000 ALTER TABLE `gw_dict_example` ENABLE KEYS */;
UNLOCK TABLES;

--
-- Table structure for table `gw_history_terms`
--

DROP TABLE IF EXISTS `gw_history_terms`;
/*!40101 SET @saved_cs_client     = @@character_set_client */;
/*!40101 SET character_set_client = utf8 */;
CREATE TABLE `gw_history_terms` (
  `id` int(10) unsigned NOT NULL AUTO_INCREMENT,
  `id_user` int(10) unsigned NOT NULL DEFAULT '0',
  `id_dict` int(10) unsigned NOT NULL DEFAULT '0',
  `id_term` int(10) unsigned NOT NULL DEFAULT '0',
  `is_active` tinyint(1) unsigned NOT NULL DEFAULT '1',
  `is_complete` tinyint(1) unsigned NOT NULL DEFAULT '1',
  `date_modified` int(10) unsigned NOT NULL DEFAULT '0',
  `date_created` int(10) unsigned NOT NULL DEFAULT '0',
  `int_bytes` mediumint(8) unsigned NOT NULL DEFAULT '0',
  `crc32u` int(10) NOT NULL DEFAULT '0',
  `term_a` int(9) unsigned NOT NULL DEFAULT '0',
  `term_b` int(9) unsigned NOT NULL DEFAULT '0',
  `term_c` int(9) unsigned NOT NULL DEFAULT '0',
  `term_d` int(9) unsigned NOT NULL DEFAULT '0',
  `term_e` int(9) unsigned NOT NULL DEFAULT '0',
  `term_f` int(9) unsigned NOT NULL DEFAULT '0',
  `term_1` varbinary(16) NOT NULL,
  `term_2` varbinary(16) NOT NULL,
  `term_3` varbinary(16) NOT NULL,
  `term` tinyblob NOT NULL,
  `term_uri` varchar(255) NOT NULL DEFAULT '',
  `term_order` varchar(255) NOT NULL,
  `defn` mediumblob NOT NULL,
  `keywords` mediumblob NOT NULL,
  PRIMARY KEY (`id`)
) ENGINE=MyISAM AUTO_INCREMENT=21 DEFAULT CHARSET=utf8;
/*!40101 SET character_set_client = @saved_cs_client */;

--
-- Dumping data for table `gw_history_terms`
--

LOCK TABLES `gw_history_terms` WRITE;
/*!40000 ALTER TABLE `gw_history_terms` DISABLE KEYS */;
INSERT INTO `gw_history_terms` VALUES (1,2,1,33,1,1,1364426003,1364425943,974,1117839443,65,66,79,85,84,0,'A','B&amp;','B&amp;&quot;','About','about','ABOUT','<defn><trns lang=\"131\"><![CDATA[Sobre]]></trns><trns lang=\"137\"><![CDATA[O programu]]></trns><trns lang=\"115\"><![CDATA[Om]]></trns><trns lang=\"106\"><![CDATA[Info]]></trns><trns lang=\"116\"><![CDATA[Info]]></trns><trns lang=\"186\"><![CDATA[Acerca de]]></trns><trns lang=\"104\"><![CDATA[Tietoja]]></trns><trns lang=\"105\"><![CDATA[À propos de]]></trns><trns lang=\"107\"><![CDATA[Πληροφορίες]]></trns><trns lang=\"108\"><![CDATA[אודות]]></trns><trns lang=\"119\"><![CDATA[Névjegy]]></trns><trns lang=\"133\"><![CDATA[Informazioni su]]></trns><trns lang=\"170\"><![CDATA[バージョン情報]]></trns><trns lang=\"182\"><![CDATA[저장]]></trns><trns lang=\"130\"><![CDATA[Om]]></trns><trns lang=\"139\"><![CDATA[Informacje]]></trns><trns lang=\"173\"><![CDATA[Èo je]]></trns><trns lang=\"122\"><![CDATA[Acerca de]]></trns><trns lang=\"123\"><![CDATA[Om]]></trns><trns lang=\"129\"><![CDATA[Hakkýnda]]></trns><![CDATA[]]><src><![CDATA[Microsoft International Word List]]></src></defn>','a:4:{i:1;a:1:{i:0;s:5:\"ABOUT\";}i:4;a:21:{i:0;s:5:\"SOBRE\";i:1;s:1:\"O\";i:2;s:8:\"PROGRAMU\";i:3;s:2:\"OM\";i:4;s:4:\"INFO\";i:5;s:6:\"ACERCA\";i:6;s:2:\"DE\";i:7;s:7:\"TIETOJA\";i:8;s:1:\"A\";i:9;s:6:\"PROPOS\";i:10;s:22:\"ΠΛΗΡΟΦΟΡΙΕΣ\";i:11;s:10:\"אודות\";i:12;s:7:\"NEVJEGY\";i:13;s:12:\"INFORMAZIONI\";i:14;s:2:\"SU\";i:15;s:21:\"バージョン情報\";i:16;s:6:\"저장\";i:17;s:10:\"INFORMACJE\";i:18;s:2:\"EO\";i:19;s:2:\"JE\";i:20;s:8:\"HAKKYNDA\";}i:0;a:0:{}i:6;a:4:{i:0;s:9:\"MICROSOFT\";i:1;s:13:\"INTERNATIONAL\";i:2;s:4:\"WORD\";i:3;s:4:\"LIST\";}}'),(2,2,1,59,1,1,1364426003,1364425943,482,604282728,65,76,76,32,70,73,'A','L','L','All fields','all-fields','ALL FIELDS','<defn><trsp><![CDATA[Transcription]]></trsp><abbr lang=\"044\"><![CDATA[Abbreviation]]></abbr><trns lang=\"103\"><![CDATA[Translation]]></trns><![CDATA[<p>Example with all fields.</p>]]><usg><![CDATA[usage 1 usage 2]]></usg><syn link=\"All fields\"><![CDATA[All fields]]></syn><antonym link=\"All fields\"><![CDATA[All fields]]></antonym><see link=\"All fields\" text=\"as is\"><![CDATA[All fields]]></see><src><![CDATA[Imagination]]></src></defn><defn><![CDATA[<p>Second example.</p>]]></defn>','a:10:{i:1;a:2:{i:0;s:3:\"ALL\";i:1;s:6:\"FIELDS\";}i:2;a:1:{i:0;s:13:\"TRANSCRIPTION\";}i:3;a:1:{i:0;s:12:\"ABBREVIATION\";}i:4;a:1:{i:0;s:11:\"TRANSLATION\";}i:0;a:5:{i:0;s:7:\"EXAMPLE\";i:1;s:4:\"WITH\";i:2;s:3:\"ALL\";i:3;s:6:\"FIELDS\";i:4;s:6:\"SECOND\";}i:5;a:3:{i:0;s:5:\"USAGE\";i:1;s:1:\"1\";i:2;s:1:\"2\";}i:7;a:2:{i:0;s:3:\"ALL\";i:1;s:6:\"FIELDS\";}i:11;a:2:{i:0;s:3:\"ALL\";i:1;s:6:\"FIELDS\";}i:8;a:2:{i:0;s:3:\"ALL\";i:1;s:6:\"FIELDS\";}i:6;a:1:{i:0;s:11:\"IMAGINATION\";}}'),(3,2,1,3,1,1,1364426003,1364425943,210,-79290400,65,85,84,79,76,73,'A','U','T','Autolinks','autolinks','AUTOLINKS','<defn><abbr lang=\"167\"><![CDATA[]]></abbr><![CDATA[<p>ASCII or ASP and &quot;CGI&quot; so (CMS) in [CSS] of DNS; from XML to HTML next HTTP and ICRA.</p> <p>On the other side -- W3C and ヒトリ.</p>]]></defn>','a:3:{i:1;a:1:{i:0;s:9:\"AUTOLINKS\";}i:3;a:0:{}i:0;a:24:{i:0;s:5:\"ASCII\";i:1;s:2:\"OR\";i:2;s:3:\"ASP\";i:3;s:3:\"AND\";i:4;s:3:\"CGI\";i:5;s:2:\"SO\";i:6;s:3:\"CMS\";i:7;s:2:\"IN\";i:8;s:3:\"CSS\";i:9;s:2:\"OF\";i:10;s:3:\"DNS\";i:11;s:4:\"FROM\";i:12;s:3:\"XML\";i:13;s:2:\"TO\";i:14;s:4:\"HTML\";i:15;s:4:\"NEXT\";i:16;s:4:\"HTTP\";i:17;s:4:\"ICRA\";i:18;s:2:\"ON\";i:19;s:3:\"THE\";i:20;s:5:\"OTHER\";i:21;s:4:\"SIDE\";i:22;s:3:\"W3C\";i:23;s:9:\"ヒトリ\";}}'),(4,2,1,27,1,1,1364426003,1364425943,281,1384825573,70,69,69,68,72,79,'F','E','E','Feedhorn','feedhorn','FEEDHORN','<defn><![CDATA[One of the main components in any satellite receiving system, the feedhorn collects the satellite signals that are reflected to the focal point of the dish and feeds them to the system&#39;s LNA (e.g., RF Unit).]]><see link=\"RF Unit\"><![CDATA[RF Unit]]></see></defn>','a:3:{i:1;a:1:{i:0;s:8:\"FEEDHORN\";}i:0;a:29:{i:0;s:3:\"ONE\";i:1;s:2:\"OF\";i:2;s:3:\"THE\";i:3;s:4:\"MAIN\";i:4;s:10:\"COMPONENTS\";i:5;s:2:\"IN\";i:6;s:3:\"ANY\";i:7;s:9:\"SATELLITE\";i:8;s:9:\"RECEIVING\";i:9;s:6:\"SYSTEM\";i:10;s:8:\"FEEDHORN\";i:11;s:8:\"COLLECTS\";i:12;s:7:\"SIGNALS\";i:13;s:4:\"THAT\";i:14;s:3:\"ARE\";i:15;s:9:\"REFLECTED\";i:16;s:2:\"TO\";i:17;s:5:\"FOCAL\";i:18;s:5:\"POINT\";i:19;s:4:\"DISH\";i:20;s:3:\"AND\";i:21;s:5:\"FEEDS\";i:22;s:4:\"THEM\";i:23;s:1:\"S\";i:24;s:3:\"LNA\";i:25;s:1:\"E\";i:26;s:1:\"G\";i:27;s:2:\"RF\";i:28;s:4:\"UNIT\";}i:8;a:2:{i:0;s:2:\"RF\";i:1;s:4:\"UNIT\";}}'),(5,2,1,61,1,1,1364426003,1364425943,575,337687609,71,82,79,83,83,32,'G','R','O','Gross domestic product (GDP)','gross-domestic-product-gdp','GROSS DOMESTIC PRODUCT (GDP)','<defn><trns lang=\"120\"><![CDATA[Валовой внутренний продукт (ВВП)]]></trns><![CDATA[Рыночная стоимость товаров и услуг, произведенных в течение определенного периода, включая доход иностранных корпораций и нерезидентов, работающих в США; однако, при этом исключается доход американских граждан и корпораций, работающих за рубежом.]]></defn>','a:3:{i:1;a:4:{i:0;s:5:\"GROSS\";i:1;s:8:\"DOMESTIC\";i:2;s:7:\"PRODUCT\";i:3;s:3:\"GDP\";}i:4;a:4:{i:0;s:14:\"ВАЛОВОЙ\";i:1;s:20:\"ВНУТРЕННИЙ\";i:2;s:14:\"ПРОДУКТ\";i:3;s:6:\"ВВП\";}i:0;a:25:{i:0;s:16:\"РЫНОЧНАЯ\";i:1;s:18:\"СТОИМОСТЬ\";i:2;s:14:\"ТОВАРОВ\";i:3;s:2:\"И\";i:4;s:10:\"УСЛУГ\";i:5;s:26:\"ПРОИЗВЕДЕННЫХ\";i:6;s:2:\"В\";i:7;s:14:\"ТЕЧЕНИЕ\";i:8;s:26:\"ОПРЕДЕЛЕННОГО\";i:9;s:14:\"ПЕРИОДА\";i:10;s:14:\"ВКЛЮЧАЯ\";i:11;s:10:\"ДОХОД\";i:12;s:22:\"ИНОСТРАННЫХ\";i:13;s:20:\"КОРПОРАЦИЙ\";i:14;s:24:\"НЕРЕЗИДЕНТОВ\";i:15;s:20:\"РАБОТАЮЩИХ\";i:16;s:6:\"США\";i:17;s:12:\"ОДНАКО\";i:18;s:6:\"ПРИ\";i:19;s:8:\"ЭТОМ\";i:20;s:22:\"ИСКЛЮЧАЕТСЯ\";i:21;s:24:\"АМЕРИКАНСКИХ\";i:22;s:14:\"ГРАЖДАН\";i:23;s:4:\"ЗА\";i:24;s:14:\"РУБЕЖОМ\";}}'),(6,2,1,18,1,1,1364426003,1364425943,140,-1471855861,73,79,78,73,67,32,'I','O','N','Ionic Bonding','ionic-bonding','IONIC BONDING','<defn><![CDATA[Chemical bonding resulting from the transfer of one or more electrons from one atom or a group of atoms to another.]]></defn>','a:2:{i:1;a:2:{i:0;s:5:\"IONIC\";i:1;s:7:\"BONDING\";}i:0;a:17:{i:0;s:8:\"CHEMICAL\";i:1;s:7:\"BONDING\";i:2;s:9:\"RESULTING\";i:3;s:4:\"FROM\";i:4;s:3:\"THE\";i:5;s:8:\"TRANSFER\";i:6;s:2:\"OF\";i:7;s:3:\"ONE\";i:8;s:2:\"OR\";i:9;s:4:\"MORE\";i:10;s:9:\"ELECTRONS\";i:11;s:4:\"ATOM\";i:12;s:1:\"A\";i:13;s:5:\"GROUP\";i:14;s:5:\"ATOMS\";i:15;s:2:\"TO\";i:16;s:7:\"ANOTHER\";}}'),(7,2,1,29,1,1,1364426003,1364425943,242,-91431058,82,70,32,85,78,73,'R','F','F','RF Unit','rf-unit','RF UNIT','<defn><![CDATA[]]><abbr><![CDATA[RFU]]></abbr><![CDATA[The radio on PES 5000, 6000 and 8000 series remote terminals. The RF Unit is mounted on the feed support arm of the antenna and provides analogue receive and transmit functions.]]></defn>','a:3:{i:1;a:2:{i:0;s:2:\"RF\";i:1;s:4:\"UNIT\";}i:3;a:1:{i:0;s:3:\"RFU\";}i:0;a:25:{i:0;s:3:\"THE\";i:1;s:5:\"RADIO\";i:2;s:2:\"ON\";i:3;s:3:\"PES\";i:4;s:4:\"5000\";i:5;s:4:\"6000\";i:6;s:3:\"AND\";i:7;s:4:\"8000\";i:8;s:6:\"SERIES\";i:9;s:6:\"REMOTE\";i:10;s:9:\"TERMINALS\";i:11;s:2:\"RF\";i:12;s:4:\"UNIT\";i:13;s:2:\"IS\";i:14;s:7:\"MOUNTED\";i:15;s:4:\"FEED\";i:16;s:7:\"SUPPORT\";i:17;s:3:\"ARM\";i:18;s:2:\"OF\";i:19;s:7:\"ANTENNA\";i:20;s:8:\"PROVIDES\";i:21;s:8:\"ANALOGUE\";i:22;s:7:\"RECEIVE\";i:23;s:8:\"TRANSMIT\";i:24;s:9:\"FUNCTIONS\";}}'),(8,2,1,35,1,1,1364426003,1364425943,344,1277924383,84,65,66,83,72,69,'T','A','B','TabSheet1Caption','tab-sheet-1-caption','TABSHEET1CAPTION','<defn><![CDATA[]]><trns lang=\"103\"><![CDATA[Current optimization set]]></trns><![CDATA[]]><trns lang=\"120\"><![CDATA[Текущий набор настроек]]></trns><![CDATA[]]><trns lang=\"106\"><![CDATA[Gaengliche Optimisierungsgruppe]]></trns><![CDATA[]]><trns lang=\"105\"><![CDATA[Jeu d&#39;optimisation courant]]></trns><![CDATA[]]></defn>','a:3:{i:1;a:1:{i:0;s:16:\"TABSHEET1CAPTION\";}i:4;a:12:{i:0;s:7:\"CURRENT\";i:1;s:12:\"OPTIMIZATION\";i:2;s:3:\"SET\";i:3;s:14:\"ТЕКУЩИЙ\";i:4;s:10:\"НАБОР\";i:5;s:16:\"НАСТРОЕК\";i:6;s:10:\"GAENGLICHE\";i:7;s:20:\"OPTIMISIERUNGSGRUPPE\";i:8;s:3:\"JEU\";i:9;s:1:\"D\";i:10;s:12:\"OPTIMISATION\";i:11;s:7:\"COURANT\";}i:0;a:0:{}}'),(9,2,1,5,1,1,1364426003,1364425943,1096,243350608,85,84,70,45,56,0,'U','T','F','UTF-8','utf-8','UTF-8','<defn><![CDATA[<p>UTF-8 (8-bit Unicode Transformation Format) is a lossless, variable-length character encoding for Unicode created by Rob Pike and Ken Thompson. It uses groups of bytes to represent the Unicode standard for the alphabets of many of the world&#39;s languages. UTF-8 is especially useful for transmission over 8-bit mail systems.</p>  <p>It uses 1 to 4 bytes per character, depending on the Unicode symbol. For example, only one UTF-8 byte is needed to encode the 128 US-ASCII characters in the Unicode range U+0000 to U+007F.</p>   <p>While it may seem inefficient to represent Unicode characters with as many as 4 bytes, UTF-8 allows legacy systems to transmit this ASCII superset. Additionally, data compression can still be performed independently of the use of UTF-8.</p>  <p>The IETF requires all Internet protocols to identify the encoding used for character data with UTF-8 as at least one supported encoding.</p>]]><see><![CDATA[UTF-16 <a href=\"http://www.ccss.de/slovo/testuni.htm\" title=\"www.ccss.de\">a UTF-8 test page</a>]]></see><src><![CDATA[Wikipedia]]></src></defn>','a:4:{i:1;a:2:{i:0;s:3:\"UTF\";i:1;s:1:\"8\";}i:0;a:92:{i:0;s:3:\"UTF\";i:1;s:1:\"8\";i:2;s:3:\"BIT\";i:3;s:7:\"UNICODE\";i:4;s:14:\"TRANSFORMATION\";i:5;s:6:\"FORMAT\";i:6;s:2:\"IS\";i:7;s:1:\"A\";i:8;s:8:\"LOSSLESS\";i:9;s:8:\"VARIABLE\";i:10;s:6:\"LENGTH\";i:11;s:9:\"CHARACTER\";i:12;s:8:\"ENCODING\";i:13;s:3:\"FOR\";i:14;s:7:\"CREATED\";i:15;s:2:\"BY\";i:16;s:3:\"ROB\";i:17;s:4:\"PIKE\";i:18;s:3:\"AND\";i:19;s:3:\"KEN\";i:20;s:8:\"THOMPSON\";i:21;s:2:\"IT\";i:22;s:4:\"USES\";i:23;s:6:\"GROUPS\";i:24;s:2:\"OF\";i:25;s:5:\"BYTES\";i:26;s:2:\"TO\";i:27;s:9:\"REPRESENT\";i:28;s:3:\"THE\";i:29;s:8:\"STANDARD\";i:30;s:9:\"ALPHABETS\";i:31;s:4:\"MANY\";i:32;s:5:\"WORLD\";i:33;s:1:\"S\";i:34;s:9:\"LANGUAGES\";i:35;s:10:\"ESPECIALLY\";i:36;s:6:\"USEFUL\";i:37;s:12:\"TRANSMISSION\";i:38;s:4:\"OVER\";i:39;s:4:\"MAIL\";i:40;s:7:\"SYSTEMS\";i:41;s:1:\"1\";i:42;s:1:\"4\";i:43;s:3:\"PER\";i:44;s:9:\"DEPENDING\";i:45;s:2:\"ON\";i:46;s:6:\"SYMBOL\";i:47;s:7:\"EXAMPLE\";i:48;s:4:\"ONLY\";i:49;s:3:\"ONE\";i:50;s:4:\"BYTE\";i:51;s:6:\"NEEDED\";i:52;s:6:\"ENCODE\";i:53;s:3:\"128\";i:54;s:2:\"US\";i:55;s:5:\"ASCII\";i:56;s:10:\"CHARACTERS\";i:57;s:2:\"IN\";i:58;s:5:\"RANGE\";i:59;s:1:\"U\";i:60;s:4:\"0000\";i:61;s:4:\"007F\";i:62;s:5:\"WHILE\";i:63;s:3:\"MAY\";i:64;s:4:\"SEEM\";i:65;s:11:\"INEFFICIENT\";i:66;s:4:\"WITH\";i:67;s:2:\"AS\";i:68;s:6:\"ALLOWS\";i:69;s:6:\"LEGACY\";i:70;s:8:\"TRANSMIT\";i:71;s:4:\"THIS\";i:72;s:8:\"SUPERSET\";i:73;s:12:\"ADDITIONALLY\";i:74;s:4:\"DATA\";i:75;s:11:\"COMPRESSION\";i:76;s:3:\"CAN\";i:77;s:5:\"STILL\";i:78;s:2:\"BE\";i:79;s:9:\"PERFORMED\";i:80;s:13:\"INDEPENDENTLY\";i:81;s:3:\"USE\";i:82;s:4:\"IETF\";i:83;s:8:\"REQUIRES\";i:84;s:3:\"ALL\";i:85;s:8:\"INTERNET\";i:86;s:9:\"PROTOCOLS\";i:87;s:8:\"IDENTIFY\";i:88;s:4:\"USED\";i:89;s:2:\"AT\";i:90;s:5:\"LEAST\";i:91;s:9:\"SUPPORTED\";}i:8;a:6:{i:0;s:3:\"UTF\";i:1;s:2:\"16\";i:2;s:1:\"A\";i:3;s:1:\"8\";i:4;s:4:\"TEST\";i:5;s:4:\"PAGE\";}i:6;a:1:{i:0;s:9:\"WIKIPEDIA\";}}'),(10,2,1,21,1,1,1364426003,1364425943,272,-1012816234,88,77,76,32,68,69,'X','M','L','XML declaration','xml-declaration','XML DECLARATION','<defn><![CDATA[Part of an XML document that defines the version of XML being used. Although the XML declaration looks like a processing instruction, it is not. For that reason, you cannot access the XML declaration from an XSLT stylesheet or an XPath expression.]]></defn>','a:2:{i:1;a:2:{i:0;s:3:\"XML\";i:1;s:11:\"DECLARATION\";}i:0;a:32:{i:0;s:4:\"PART\";i:1;s:2:\"OF\";i:2;s:2:\"AN\";i:3;s:3:\"XML\";i:4;s:8:\"DOCUMENT\";i:5;s:4:\"THAT\";i:6;s:7:\"DEFINES\";i:7;s:3:\"THE\";i:8;s:7:\"VERSION\";i:9;s:5:\"BEING\";i:10;s:4:\"USED\";i:11;s:8:\"ALTHOUGH\";i:12;s:11:\"DECLARATION\";i:13;s:5:\"LOOKS\";i:14;s:4:\"LIKE\";i:15;s:1:\"A\";i:16;s:10:\"PROCESSING\";i:17;s:11:\"INSTRUCTION\";i:18;s:2:\"IT\";i:19;s:2:\"IS\";i:20;s:3:\"NOT\";i:21;s:3:\"FOR\";i:22;s:6:\"REASON\";i:23;s:3:\"YOU\";i:24;s:6:\"CANNOT\";i:25;s:6:\"ACCESS\";i:26;s:4:\"FROM\";i:27;s:4:\"XSLT\";i:28;s:10:\"STYLESHEET\";i:29;s:2:\"OR\";i:30;s:5:\"XPATH\";i:31;s:10:\"EXPRESSION\";}}'),(11,2,1,7,1,1,1364426003,1364425943,1706,2127657112,66,76,65,67,75,0,'B','L','A','black','black','BLACK','<defn><trns lang=\"100\"><![CDATA[swart]]></trns><trns lang=\"185\"><![CDATA[e zezë]]></trns><trns lang=\"111\"><![CDATA[черен]]></trns><trns lang=\"112\"><![CDATA[negre]]></trns><trns lang=\"114\"><![CDATA[黑色]]></trns><trns lang=\"174\"><![CDATA[crno]]></trns><trns lang=\"137\"><![CDATA[černá]]></trns><trns lang=\"115\"><![CDATA[sort]]></trns><trns lang=\"116\"><![CDATA[zwart]]></trns><trns lang=\"104\"><![CDATA[musta]]></trns><trns lang=\"105\"><![CDATA[noir]]></trns><trns lang=\"106\"><![CDATA[schwarz]]></trns><trns lang=\"107\"><![CDATA[μαύρο]]></trns><trns lang=\"108\"><![CDATA[שחור]]></trns><trns lang=\"119\"><![CDATA[fekete]]></trns><trns lang=\"138\"><![CDATA[svartur]]></trns><trns lang=\"181\"><![CDATA[hitam]]></trns><trns lang=\"183\"><![CDATA[dubh]]></trns><trns lang=\"133\"><![CDATA[nero]]></trns><trns lang=\"170\"><![CDATA[黒]]></trns><trns lang=\"182\"><![CDATA[검정섁]]></trns><trns lang=\"110\"><![CDATA[niger]]></trns><trns lang=\"180\"><![CDATA[hitam]]></trns><trns lang=\"172\"><![CDATA[iswed]]></trns><trns lang=\"130\"><![CDATA[sort]]></trns><trns lang=\"139\"><![CDATA[czarny]]></trns><trns lang=\"131\"><![CDATA[preto]]></trns><trns lang=\"121\"><![CDATA[negru]]></trns><trns lang=\"120\"><![CDATA[чёрный]]></trns><trns lang=\"175\"><![CDATA[црна]]></trns><trns lang=\"173\"><![CDATA[čierna]]></trns><trns lang=\"122\"><![CDATA[negro]]></trns><trns lang=\"123\"><![CDATA[svart]]></trns><trns lang=\"177\"><![CDATA[nyeusi]]></trns><trns lang=\"178\"><![CDATA[bontsho]]></trns><trns lang=\"129\"><![CDATA[siyah]]></trns><trns lang=\"124\"><![CDATA[màu đen]]></trns><trns lang=\"171\"><![CDATA[du]]></trns><trns lang=\"184\"><![CDATA[mnyama]]></trns><trns lang=\"176\"><![CDATA[kumneyama]]></trns><![CDATA[]]></defn>','a:3:{i:1;a:1:{i:0;s:5:\"BLACK\";}i:4;a:40:{i:0;s:5:\"SWART\";i:1;s:1:\"E\";i:2;s:4:\"ZEZE\";i:3;s:10:\"ЧЕРЕН\";i:4;s:5:\"NEGRE\";i:5;s:6:\"黑色\";i:6;s:4:\"CRNO\";i:7;s:5:\"CERNA\";i:8;s:4:\"SORT\";i:9;s:5:\"ZWART\";i:10;s:5:\"MUSTA\";i:11;s:4:\"NOIR\";i:12;s:7:\"SCHWARZ\";i:13;s:10:\"ΜΑΥΡΟ\";i:14;s:8:\"שחור\";i:15;s:6:\"FEKETE\";i:16;s:7:\"SVARTUR\";i:17;s:5:\"HITAM\";i:18;s:4:\"DUBH\";i:19;s:4:\"NERO\";i:20;s:3:\"黒\";i:21;s:9:\"검정섁\";i:22;s:5:\"NIGER\";i:23;s:5:\"ISWED\";i:24;s:6:\"CZARNY\";i:25;s:5:\"PRETO\";i:26;s:5:\"NEGRU\";i:27;s:12:\"ЧЕРНЫЙ\";i:28;s:8:\"ЦРНА\";i:29;s:6:\"CIERNA\";i:30;s:5:\"NEGRO\";i:31;s:5:\"SVART\";i:32;s:6:\"NYEUSI\";i:33;s:7:\"BONTSHO\";i:34;s:5:\"SIYAH\";i:35;s:3:\"MAU\";i:36;s:3:\"DEN\";i:37;s:2:\"DU\";i:38;s:6:\"MNYAMA\";i:39;s:9:\"KUMNEYAMA\";}i:0;a:0:{}}'),(12,2,1,9,1,1,1364426003,1364425943,388,1668084682,66,79,66,0,0,0,'B','O','B','bob','bob','BOB','<trsp><![CDATA[bob, bab]]></trsp><defn><![CDATA[ ]]><abbr lang=\"012\"><![CDATA[]]></abbr><![CDATA[ ]]><abbr lang=\"048\"><![CDATA[]]></abbr><![CDATA[ ]]><trns><![CDATA[saç lülesi]]></trns><![CDATA[]]></defn><defn><![CDATA[ ]]><abbr lang=\"012\"><![CDATA[]]></abbr><![CDATA[ ]]><abbr lang=\"048\"><![CDATA[]]></abbr><![CDATA[ ]]><trns><![CDATA[hafifçe kımıldamak]]></trns><![CDATA[]]></defn>','a:4:{i:1;a:1:{i:0;s:3:\"BOB\";}i:3;a:0:{}i:4;a:4:{i:0;s:3:\"SAC\";i:1;s:6:\"LULESI\";i:2;s:7:\"HAFIFCE\";i:3;s:10:\"KIMILDAMAK\";}i:0;a:0:{}}'),(13,2,1,10,1,1,1364426003,1364425943,269,-617769825,66,79,66,66,73,78,'B','O','B','bobbin','bobbin','BOBBIN','<trsp><![CDATA[bab\'in]]></trsp><defn><![CDATA[ ]]><abbr lang=\"048\"><![CDATA[]]></abbr><![CDATA[ ]]><trns><![CDATA[makara]]></trns><![CDATA[]]></defn><defn><![CDATA[ ]]><abbr lang=\"048\"><![CDATA[]]></abbr><![CDATA[ ]]><trns><![CDATA[ufak iğ]]></trns><![CDATA[]]></defn>','a:4:{i:1;a:1:{i:0;s:6:\"BOBBIN\";}i:3;a:0:{}i:4;a:3:{i:0;s:6:\"MAKARA\";i:1;s:4:\"UFAK\";i:2;s:2:\"IG\";}i:0;a:0:{}}'),(14,2,1,11,1,1,1364426003,1364425943,383,-314710522,66,79,68,89,0,0,'B','O','D','body','body','BODY','<trsp><![CDATA[bad\'i]]></trsp><defn><![CDATA[ ]]><abbr lang=\"048\"><![CDATA[]]></abbr><![CDATA[ ]]><trns><![CDATA[beden]]></trns><![CDATA[]]></defn><defn><![CDATA[ ]]><abbr lang=\"048\"><![CDATA[]]></abbr><![CDATA[ ]]><trns><![CDATA[ceset]]></trns><![CDATA[]]></defn><defn><![CDATA[ ]]><abbr lang=\"048\"><![CDATA[]]></abbr><![CDATA[ ]]><trns><![CDATA[karoser]]></trns><![CDATA[]]></defn>','a:4:{i:1;a:1:{i:0;s:4:\"BODY\";}i:3;a:0:{}i:4;a:3:{i:0;s:5:\"BEDEN\";i:1;s:5:\"CESET\";i:2;s:7:\"KAROSER\";}i:0;a:0:{}}'),(15,2,1,13,1,1,1364426003,1364425943,150,1189216471,66,79,76,68,0,0,'B','O','L','bold','bold','BOLD','<trsp><![CDATA[bould]]></trsp><defn><![CDATA[ ]]><abbr lang=\"036\"><![CDATA[]]></abbr><![CDATA[ ]]><trns><![CDATA[cüretli]]></trns><![CDATA[]]></defn>','a:4:{i:1;a:1:{i:0;s:4:\"BOLD\";}i:3;a:0:{}i:4;a:1:{i:0;s:7:\"CURETLI\";}i:0;a:0:{}}'),(16,2,1,62,1,1,1364426003,1364425943,545,860432961,67,79,77,80,76,69,'C','O','M','completion','completion','COMPLETION','<defn><abbr lang=\"048\"><![CDATA[]]></abbr><![CDATA[(in land law) The point at which ownership of land that is the subject of a contract for its sale changes hands. The purchaser hands over any unpaid balance of the price in exchange for the title deeds and a valid conveyance of the land to him if the land is unregistered. If the land is registered, the purchaser receives a simple form of transfer that must be lodged at the appropriate District Land Registry with the land certificate.]]><src><![CDATA[Oxford Dictionary of Law]]></src></defn>','a:4:{i:1;a:1:{i:0;s:10:\"COMPLETION\";}i:3;a:0:{}i:0;a:48:{i:0;s:2:\"IN\";i:1;s:4:\"LAND\";i:2;s:3:\"LAW\";i:3;s:3:\"THE\";i:4;s:5:\"POINT\";i:5;s:2:\"AT\";i:6;s:5:\"WHICH\";i:7;s:9:\"OWNERSHIP\";i:8;s:2:\"OF\";i:9;s:4:\"THAT\";i:10;s:2:\"IS\";i:11;s:7:\"SUBJECT\";i:12;s:1:\"A\";i:13;s:8:\"CONTRACT\";i:14;s:3:\"FOR\";i:15;s:3:\"ITS\";i:16;s:4:\"SALE\";i:17;s:7:\"CHANGES\";i:18;s:5:\"HANDS\";i:19;s:9:\"PURCHASER\";i:20;s:4:\"OVER\";i:21;s:3:\"ANY\";i:22;s:6:\"UNPAID\";i:23;s:7:\"BALANCE\";i:24;s:5:\"PRICE\";i:25;s:8:\"EXCHANGE\";i:26;s:5:\"TITLE\";i:27;s:5:\"DEEDS\";i:28;s:3:\"AND\";i:29;s:5:\"VALID\";i:30;s:10:\"CONVEYANCE\";i:31;s:2:\"TO\";i:32;s:3:\"HIM\";i:33;s:2:\"IF\";i:34;s:12:\"UNREGISTERED\";i:35;s:10:\"REGISTERED\";i:36;s:8:\"RECEIVES\";i:37;s:6:\"SIMPLE\";i:38;s:4:\"FORM\";i:39;s:8:\"TRANSFER\";i:40;s:4:\"MUST\";i:41;s:2:\"BE\";i:42;s:6:\"LODGED\";i:43;s:11:\"APPROPRIATE\";i:44;s:8:\"DISTRICT\";i:45;s:8:\"REGISTRY\";i:46;s:4:\"WITH\";i:47;s:11:\"CERTIFICATE\";}i:6;a:4:{i:0;s:6:\"OXFORD\";i:1;s:10:\"DICTIONARY\";i:2;s:2:\"OF\";i:3;s:3:\"LAW\";}}'),(17,2,1,45,1,1,1364426003,1364425943,449,-109498149,71,76,79,79,77,0,'G','L','O','gloom','gloom','GLOOM','<defn><![CDATA[<p>a state of partial or total darkness</p>]]><usg><![CDATA[he struck a match to dispell the gloom]]></usg><syn><![CDATA[somberness sombreness]]></syn></defn><defn><![CDATA[<p>a feeling of melancholy apprehension</p>]]><syn><![CDATA[gloominess somberness]]></syn></defn><defn><![CDATA[<p>an atmosphere of depression and melancholy</p>]]><usg><![CDATA[gloom pervaded the office]]></usg><syn><![CDATA[gloominess glumness]]></syn></defn>','a:4:{i:1;a:1:{i:0;s:5:\"GLOOM\";}i:0;a:14:{i:0;s:1:\"A\";i:1;s:5:\"STATE\";i:2;s:2:\"OF\";i:3;s:7:\"PARTIAL\";i:4;s:2:\"OR\";i:5;s:5:\"TOTAL\";i:6;s:8:\"DARKNESS\";i:7;s:7:\"FEELING\";i:8;s:10:\"MELANCHOLY\";i:9;s:12:\"APPREHENSION\";i:10;s:2:\"AN\";i:11;s:10:\"ATMOSPHERE\";i:12;s:10:\"DEPRESSION\";i:13;s:3:\"AND\";}i:5;a:10:{i:0;s:2:\"HE\";i:1;s:6:\"STRUCK\";i:2;s:1:\"A\";i:3;s:5:\"MATCH\";i:4;s:2:\"TO\";i:5;s:7:\"DISPELL\";i:6;s:3:\"THE\";i:7;s:5:\"GLOOM\";i:8;s:8:\"PERVADED\";i:9;s:6:\"OFFICE\";}i:7;a:4:{i:0;s:10:\"SOMBERNESS\";i:1;s:10:\"SOMBRENESS\";i:2;s:10:\"GLOOMINESS\";i:3;s:8:\"GLUMNESS\";}}'),(18,2,1,14,1,1,1364426003,1364425943,116,-1342978499,80,65,78,84,72,69,'P','A','N','panther','panther','PANTHER','<defn><![CDATA[]]><trsp><![CDATA[´pænθə]]></trsp><trns lang=\"124\"><![CDATA[con báo]]></trns><![CDATA[]]></defn>','a:4:{i:1;a:1:{i:0;s:7:\"PANTHER\";}i:2;a:1:{i:0;s:8:\"PÆNΘƏ\";}i:4;a:2:{i:0;s:3:\"CON\";i:1;s:3:\"BAO\";}i:0;a:0:{}}'),(19,2,1,44,1,1,1364426003,1364425943,301,-1580235338,80,73,67,72,73,67,'P','I','C','pichicato','pichicato','PICHICATO','<defn><![CDATA[cicatero, miserable, que escatima lo que debe dar (del italiano &quot;pizzicato&quot; = pellizcado).]]><usg><![CDATA[¡No seas pichicata, Margarita! Le estás dando muy poquita comida a ese pobre gato.]]></usg><usg><![CDATA[123 123]]></usg><src><![CDATA[Jerga de México]]></src></defn>','a:4:{i:1;a:1:{i:0;s:9:\"PICHICATO\";}i:0;a:11:{i:0;s:8:\"CICATERO\";i:1;s:9:\"MISERABLE\";i:2;s:3:\"QUE\";i:3;s:8:\"ESCATIMA\";i:4;s:2:\"LO\";i:5;s:4:\"DEBE\";i:6;s:3:\"DAR\";i:7;s:3:\"DEL\";i:8;s:8:\"ITALIANO\";i:9;s:9:\"PIZZICATO\";i:10;s:10:\"PELLIZCADO\";}i:5;a:15:{i:0;s:2:\"NO\";i:1;s:4:\"SEAS\";i:2;s:9:\"PICHICATA\";i:3;s:9:\"MARGARITA\";i:4;s:2:\"LE\";i:5;s:5:\"ESTAS\";i:6;s:5:\"DANDO\";i:7;s:3:\"MUY\";i:8;s:7:\"POQUITA\";i:9;s:6:\"COMIDA\";i:10;s:1:\"A\";i:11;s:3:\"ESE\";i:12;s:5:\"POBRE\";i:13;s:4:\"GATO\";i:14;s:3:\"123\";}i:6;a:3:{i:0;s:5:\"JERGA\";i:1;s:2:\"DE\";i:2;s:6:\"MEXICO\";}}'),(20,2,1,23,1,1,1364426003,1364425943,351,984723126,83,79,85,84,72,73,'S','O','U','southing','southing','SOUTHING','<defn><![CDATA[]]><abbr lang=\"048\"><![CDATA[]]></abbr><![CDATA[a southern movement.]]></defn><defn><![CDATA[]]><abbr lang=\"144\"><![CDATA[]]></abbr><![CDATA[the distance travelled or measured southward.]]></defn><defn><![CDATA[]]><abbr lang=\"062\"><![CDATA[]]></abbr><![CDATA[the angular distance of a star etc. south of the celestial equator.]]></defn>','a:3:{i:1;a:1:{i:0;s:8:\"SOUTHING\";}i:3;a:0:{}i:0;a:16:{i:0;s:1:\"A\";i:1;s:8:\"SOUTHERN\";i:2;s:8:\"MOVEMENT\";i:3;s:3:\"THE\";i:4;s:8:\"DISTANCE\";i:5;s:9:\"TRAVELLED\";i:6;s:2:\"OR\";i:7;s:8:\"MEASURED\";i:8;s:9:\"SOUTHWARD\";i:9;s:7:\"ANGULAR\";i:10;s:2:\"OF\";i:11;s:4:\"STAR\";i:12;s:3:\"ETC\";i:13;s:5:\"SOUTH\";i:14;s:9:\"CELESTIAL\";i:15;s:7:\"EQUATOR\";}}');
/*!40000 ALTER TABLE `gw_history_terms` ENABLE KEYS */;
UNLOCK TABLES;

--
-- Table structure for table `gw_import_sessions`
--

DROP TABLE IF EXISTS `gw_import_sessions`;
/*!40101 SET @saved_cs_client     = @@character_set_client */;
/*!40101 SET character_set_client = utf8 */;
CREATE TABLE `gw_import_sessions` (
  `id_session` varchar(32) NOT NULL,
  `id_user` int(10) unsigned NOT NULL DEFAULT '0',
  `id_dict` smallint(5) unsigned NOT NULL DEFAULT '0',
  `date_start` int(10) unsigned NOT NULL DEFAULT '0',
  `date_end` int(10) unsigned NOT NULL DEFAULT '0',
  `int_items_total` int(10) unsigned NOT NULL DEFAULT '0',
  `int_items_passed` int(10) unsigned NOT NULL DEFAULT '0',
  `int_bytes` int(10) unsigned NOT NULL DEFAULT '0',
  `filename` varbinary(255) NOT NULL,
  `settings` blob NOT NULL,
  PRIMARY KEY (`id_session`)
) ENGINE=MyISAM DEFAULT CHARSET=utf8;
/*!40101 SET character_set_client = @saved_cs_client */;

--
-- Dumping data for table `gw_import_sessions`
--

LOCK TABLES `gw_import_sessions` WRITE;
/*!40000 ALTER TABLE `gw_import_sessions` DISABLE KEYS */;
/*!40000 ALTER TABLE `gw_import_sessions` ENABLE KEYS */;
UNLOCK TABLES;

--
-- Table structure for table `gw_map_user_to_dict`
--

DROP TABLE IF EXISTS `gw_map_user_to_dict`;
/*!40101 SET @saved_cs_client     = @@character_set_client */;
/*!40101 SET character_set_client = utf8 */;
CREATE TABLE `gw_map_user_to_dict` (
  `id` int(10) unsigned NOT NULL AUTO_INCREMENT,
  `user_id` smallint(5) unsigned NOT NULL DEFAULT '1',
  `dict_id` smallint(5) unsigned NOT NULL DEFAULT '1',
  PRIMARY KEY (`id`)
) ENGINE=MyISAM AUTO_INCREMENT=2 DEFAULT CHARSET=utf8;
/*!40101 SET character_set_client = @saved_cs_client */;

--
-- Dumping data for table `gw_map_user_to_dict`
--

LOCK TABLES `gw_map_user_to_dict` WRITE;
/*!40000 ALTER TABLE `gw_map_user_to_dict` DISABLE KEYS */;
INSERT INTO `gw_map_user_to_dict` VALUES (1,3,1);
/*!40000 ALTER TABLE `gw_map_user_to_dict` ENABLE KEYS */;
UNLOCK TABLES;

--
-- Table structure for table `gw_map_user_to_term`
--

DROP TABLE IF EXISTS `gw_map_user_to_term`;
/*!40101 SET @saved_cs_client     = @@character_set_client */;
/*!40101 SET character_set_client = utf8 */;
CREATE TABLE `gw_map_user_to_term` (
  `user_id` int(10) unsigned NOT NULL DEFAULT '0',
  `term_id` int(10) unsigned NOT NULL DEFAULT '0',
  `dict_id` mediumint(8) unsigned NOT NULL DEFAULT '0',
  UNIQUE KEY `utd` (`user_id`,`term_id`,`dict_id`)
) ENGINE=MyISAM DEFAULT CHARSET=utf8;
/*!40101 SET character_set_client = @saved_cs_client */;

--
-- Dumping data for table `gw_map_user_to_term`
--

LOCK TABLES `gw_map_user_to_term` WRITE;
/*!40000 ALTER TABLE `gw_map_user_to_term` DISABLE KEYS */;
INSERT INTO `gw_map_user_to_term` VALUES (2,3,1),(2,5,1),(2,7,1),(2,9,1),(2,10,1),(2,11,1),(2,13,1),(2,14,1),(2,18,1),(2,21,1),(2,23,1),(2,27,1),(2,29,1),(2,33,1),(2,35,1),(2,44,1),(2,45,1),(2,59,1),(2,61,1),(2,62,1);
/*!40000 ALTER TABLE `gw_map_user_to_term` ENABLE KEYS */;
UNLOCK TABLES;

--
-- Table structure for table `gw_pages`
--

DROP TABLE IF EXISTS `gw_pages`;
/*!40101 SET @saved_cs_client     = @@character_set_client */;
/*!40101 SET character_set_client = utf8 */;
CREATE TABLE `gw_pages` (
  `id_page` tinyint(3) unsigned NOT NULL AUTO_INCREMENT,
  `id_user` smallint(5) unsigned NOT NULL DEFAULT '2',
  `is_active` tinyint(1) unsigned NOT NULL DEFAULT '1',
  `int_sort` smallint(5) unsigned NOT NULL DEFAULT '10',
  `id_parent` mediumint(8) unsigned NOT NULL DEFAULT '0',
  `date_created` int(10) unsigned NOT NULL DEFAULT '0',
  `date_modified` int(10) unsigned NOT NULL DEFAULT '0',
  `page_icon` varchar(64) NOT NULL DEFAULT '',
  `page_uri` varchar(255) NOT NULL DEFAULT '',
  `page_php_1` mediumblob NOT NULL,
  `page_php_2` tinyblob NOT NULL,
  PRIMARY KEY (`id_page`)
) ENGINE=MyISAM AUTO_INCREMENT=7 DEFAULT CHARSET=utf8;
/*!40101 SET character_set_client = @saved_cs_client */;

--
-- Dumping data for table `gw_pages`
--

LOCK TABLES `gw_pages` WRITE;
/*!40000 ALTER TABLE `gw_pages` DISABLE KEYS */;
INSERT INTO `gw_pages` VALUES (1,2,1,40,0,1364426001,1364426001,'icon_16_fb.gif','feedback','include_once($sys[\'path_addon\'].\'/gw_feedback/index.php\');',''),(2,2,1,20,0,1364426001,1364426001,'icon_16_top10.gif','top10','$arV[\'page_title\'] = sprintf($arV[\'page_title\'], $sys[\'max_dict_top\']);\n\n/* Average hits per dictionary */\n$oTpl->addVal( \'block:average_hits\',\n  gw_html_block_small(\n    $oL->m(\'r_dict_averagehits\'), \n    getTop10(\'DICT_AVERAGEHITS\', $sys[\'max_dict_top\'], 1))\n);\n\n/* Newest dictionaries */\n$oTpl->addVal( \'block:dict_newest\', \n  gw_html_block_small(\n    $oL->m(\'r_dict_newest\'), \n    getTop10(\'DICT_NEWEST\', $sys[\'max_dict_top\'], 1))\n);\n\n/* Last updated dictionaries */\n$oTpl->addVal( \'block:dict_updated\', \n  gw_html_block_small(\n    $oL->m(\'r_dict_updated\'), \n    getTop10(\'DICT_UPDATED\', $sys[\'max_dict_top\'], 0))\n);\n\n/* The last search queries.*/\n$oTpl->addVal( \'block:search_last\', \n  gw_html_block_small(\n    $oL->m(\'1159\'), \n    getTop10(\'SEARCH_LAST\', $sys[\'max_dict_top\'], 0))\n);\n\n/* Top authors */\n$oTpl->addVal( \'block:user_top\', \n  gw_html_block_small(\n    $oL->m(\'1112\'), \n    getTop10(\'USER_ACTIVE\', $sys[\'max_dict_top\'], 0))\n);\n\n/* Last updated terms\n$oTpl->addVal( \'block:term_updated\', \n  gw_html_block_small(\n    $oL->m(\'r_term_updated\'), \n    getTop10(\'TERM_UPDATED\', $sys[\'max_dict_top\'] , 1), \n    0, 0, $sys[\'css_align_left\'])\n);\n*/\n',''),(4,2,1,50,0,1364426001,1364426001,'icon_16_login.gif','login','gwtk_header($sys[\'server_dir\'].\'/\'.$sys[\'file_admin\']);',''),(5,2,0,30,0,1364426001,1364426001,'icon_16_catalog.gif','dictionaries','$oTpl->addVal( \'block:catalog\', getDictList(\'\', 999, 2, 999 ) );',''),(6,2,1,10,0,1364426001,1364426001,'icon_16_about.gif','about','','');
/*!40000 ALTER TABLE `gw_pages` ENABLE KEYS */;
UNLOCK TABLES;

--
-- Table structure for table `gw_pages_phrase`
--

DROP TABLE IF EXISTS `gw_pages_phrase`;
/*!40101 SET @saved_cs_client     = @@character_set_client */;
/*!40101 SET character_set_client = utf8 */;
CREATE TABLE `gw_pages_phrase` (
  `id_page_phrase` mediumint(8) unsigned NOT NULL AUTO_INCREMENT,
  `id_page` tinyint(3) unsigned NOT NULL DEFAULT '0',
  `id_lang` varchar(10) NOT NULL DEFAULT 'en-utf8',
  `page_title` varbinary(255) NOT NULL DEFAULT '',
  `page_keywords` blob NOT NULL,
  `page_descr` mediumblob NOT NULL,
  `page_content` mediumblob NOT NULL,
  PRIMARY KEY (`id_page_phrase`)
) ENGINE=MyISAM AUTO_INCREMENT=27 DEFAULT CHARSET=utf8;
/*!40101 SET character_set_client = @saved_cs_client */;

--
-- Dumping data for table `gw_pages_phrase`
--

LOCK TABLES `gw_pages_phrase` WRITE;
/*!40000 ALTER TABLE `gw_pages_phrase` DISABLE KEYS */;
INSERT INTO `gw_pages_phrase` VALUES (2,1,'en-utf8','Feedback','','','{block:feedback}'),(23,1,'es-utf8','Contacto','','','{block:feedback}'),(1,1,'ru-utf8','Обратная связь','','','{block:feedback}'),(3,2,'en-utf8','Top 10','','','{block:average_hits}\n<br />\n{block:dict_updated}\n<br />\n{block:dict_newest}\n<br />\n{block:search_last}\n<br />\n{block:user_top}'),(20,2,'es-utf8','Top 10','','','{block:average_hits}\n<br />\n{block:dict_updated}\n<br />\n{block:dict_newest}\n<br />\n{block:search_last}\n<br />\n{block:user_top}'),(4,2,'ru-utf8','10 самых','','','{block:average_hits}\n<br />\n{block:dict_updated}\n<br />\n{block:dict_newest}\n<br />\n{block:search_last}\n<br />\n{block:user_top}'),(8,4,'en-utf8','Login','','',''),(26,4,'es-utf8','Acceso','','',''),(7,4,'ru-utf8','Вход','','',''),(9,5,'en-utf8','Dictionaries','','','{block:catalog}'),(17,5,'es-utf8','Diccionarios','','','{block:catalog}'),(10,5,'ru-utf8','Словари','','','{block:catalog}'),(11,6,'en-utf8','About','','Short about','This site is built on <a href=\"http://glossword.biz/\">Glossword</a> — the software to create and publish online multilingual dictionaries, glossaries, references, or encyclopedias.'),(15,6,'es-utf8','Acerca de','','Escriba su texto aquí','Este sitio está construido con <a href=\"http://glossword.biz/\">Glossword</a>, software para crear y publicar en línea diccionarios, glosarios, referencias y enciclopedias multilingües.'),(12,6,'ru-utf8','О сайте','','Коротко о сайте','Этот сайт построен на <a href=\"http://glossword.biz/\">Glossword</a> — программе для создания и публикации онлайновых словарей, глоссариев, справочников, энциклопедий.');
/*!40000 ALTER TABLE `gw_pages_phrase` ENABLE KEYS */;
UNLOCK TABLES;

--
-- Table structure for table `gw_search_results`
--

DROP TABLE IF EXISTS `gw_search_results`;
/*!40101 SET @saved_cs_client     = @@character_set_client */;
/*!40101 SET character_set_client = utf8 */;
CREATE TABLE `gw_search_results` (
  `id_srch` varchar(32) NOT NULL DEFAULT '',
  `id_d` mediumint(8) unsigned NOT NULL DEFAULT '0',
  `srch_date` int(10) unsigned NOT NULL DEFAULT '0',
  `found` int(10) unsigned NOT NULL DEFAULT '1',
  `hits` mediumint(8) unsigned NOT NULL DEFAULT '0',
  `q` tinyblob NOT NULL,
  `srch_settings` mediumblob NOT NULL,
  PRIMARY KEY (`id_srch`)
) ENGINE=MyISAM DEFAULT CHARSET=utf8;
/*!40101 SET character_set_client = @saved_cs_client */;

--
-- Dumping data for table `gw_search_results`
--

LOCK TABLES `gw_search_results` WRITE;
/*!40000 ALTER TABLE `gw_search_results` DISABLE KEYS */;
/*!40000 ALTER TABLE `gw_search_results` ENABLE KEYS */;
UNLOCK TABLES;

--
-- Table structure for table `gw_sessions`
--

DROP TABLE IF EXISTS `gw_sessions`;
/*!40101 SET @saved_cs_client     = @@character_set_client */;
/*!40101 SET character_set_client = utf8 */;
CREATE TABLE `gw_sessions` (
  `id_sess` char(32) NOT NULL,
  `id_user` int(10) unsigned NOT NULL DEFAULT '1',
  `is_remember` tinyint(1) unsigned NOT NULL DEFAULT '0',
  `date_changed` int(10) unsigned NOT NULL DEFAULT '0',
  `ip` int(10) unsigned NOT NULL DEFAULT '0',
  `ua` varchar(255) NOT NULL,
  PRIMARY KEY (`id_sess`)
) ENGINE=MyISAM DEFAULT CHARSET=utf8;
/*!40101 SET character_set_client = @saved_cs_client */;

--
-- Dumping data for table `gw_sessions`
--

LOCK TABLES `gw_sessions` WRITE;
/*!40000 ALTER TABLE `gw_sessions` DISABLE KEYS */;
INSERT INTO `gw_sessions` VALUES ('057508d03e10ca1b1a7f22decf05a224',2,1,1364426703,1166807024,'');
/*!40000 ALTER TABLE `gw_sessions` ENABLE KEYS */;
UNLOCK TABLES;

--
-- Table structure for table `gw_settings`
--

DROP TABLE IF EXISTS `gw_settings`;
/*!40101 SET @saved_cs_client     = @@character_set_client */;
/*!40101 SET character_set_client = utf8 */;
CREATE TABLE `gw_settings` (
  `settings_key` varchar(127) NOT NULL DEFAULT '',
  `settings_val` mediumblob NOT NULL,
  PRIMARY KEY (`settings_key`)
) ENGINE=MyISAM DEFAULT CHARSET=utf8;
/*!40101 SET character_set_client = @saved_cs_client */;

--
-- Dumping data for table `gw_settings`
--

LOCK TABLES `gw_settings` WRITE;
/*!40000 ALTER TABLE `gw_settings` DISABLE KEYS */;
INSERT INTO `gw_settings` VALUES ('avatar\\_max\\_kb','15'),('avatar\\_max\\_x','100'),('avatar\\_max\\_y','100'),('cache\\_zlib','0'),('int\\_max\\_char\\_defn','200'),('is\\_hideurl','1'),('is\\_list\\_announce','0'),('is\\_list\\_images','1'),('is\\_list\\_numbers','1'),('is\\_list_numbers','1'),('is\\_log\\_gzip','0'),('is\\_log\\_mail','0'),('is\\_log\\_ref','0'),('is\\_log\\_search','1'),('is\\_show\\_topic\\_descr','0'),('is\\_use\\_xhtml','0'),('keywords','glossword, dictionary, glossary, encyclopedia'),('locale\\_name','en-utf8'),('max\\_days\\_history\\_terms','60'),('max\\_days\\_searchcache','15'),('max\\_days\\_searchlog','30'),('max\\_dict\\_top','10'),('max\\_dict\\_updated','5'),('page\\_limit','10'),('page\\_limit\\_search','20'),('site\\_desc','Glossary compiler'),('site\\_name','Glossword'),('srch\\_len','1'),('time\\_new','7'),('time\\_refresh','2'),('time\\_sec\\_d','86400'),('time\\_sec\\_m','2678400'),('time\\_sec\\_w','604800'),('time\\_sec\\_y','31536000'),('time\\_upd','14'),('txt\\_magic\\_nbsp',' '),('txt\\_magic\\_splitter','\\xc2\\x98'),('txt\\_sep\\_breadcrump','&#160;&#8594; '),('txt\\_sep\\_breadcrump_db',' :: '),('txt\\_sep\\_htmltitle',' - '),('version','1.8.12'),('visualtheme','gw\\_brand'),('y\\_email','admin@127.0.0.1'),('y\\_name','Admin User'),('is\\_mod\\_rewrite','1'),('pages\\_link\\_mode','1'),('site\\_email\\_from','admin@127.0.0.1'),('site\\_email','admin@127.0.0.1'),('mail\\_subject\\_prefix','[GW] ');
/*!40000 ALTER TABLE `gw_settings` ENABLE KEYS */;
UNLOCK TABLES;

--
-- Table structure for table `gw_stat_dict`
--

DROP TABLE IF EXISTS `gw_stat_dict`;
/*!40101 SET @saved_cs_client     = @@character_set_client */;
/*!40101 SET character_set_client = utf8 */;
CREATE TABLE `gw_stat_dict` (
  `id` smallint(5) unsigned NOT NULL AUTO_INCREMENT,
  `hits` int(10) unsigned NOT NULL DEFAULT '0',
  PRIMARY KEY (`id`)
) ENGINE=MyISAM AUTO_INCREMENT=2 DEFAULT CHARSET=utf8;
/*!40101 SET character_set_client = @saved_cs_client */;

--
-- Dumping data for table `gw_stat_dict`
--

LOCK TABLES `gw_stat_dict` WRITE;
/*!40000 ALTER TABLE `gw_stat_dict` DISABLE KEYS */;
INSERT INTO `gw_stat_dict` VALUES (1,15);
/*!40000 ALTER TABLE `gw_stat_dict` ENABLE KEYS */;
UNLOCK TABLES;

--
-- Table structure for table `gw_stat_search`
--

DROP TABLE IF EXISTS `gw_stat_search`;
/*!40101 SET @saved_cs_client     = @@character_set_client */;
/*!40101 SET character_set_client = utf8 */;
CREATE TABLE `gw_stat_search` (
  `id_stat_search` int(10) unsigned NOT NULL AUTO_INCREMENT,
  `id_dict` int(10) unsigned NOT NULL DEFAULT '0',
  `id_field` smallint(3) NOT NULL DEFAULT '-1',
  `found` smallint(3) unsigned NOT NULL DEFAULT '0',
  `date_created` int(10) unsigned NOT NULL DEFAULT '0',
  `ip_long` int(10) unsigned NOT NULL DEFAULT '0',
  `q` blob,
  PRIMARY KEY (`id_stat_search`),
  KEY `date_created` (`date_created`),
  KEY `id_dict` (`id_dict`)
) ENGINE=MyISAM DEFAULT CHARSET=utf8 PACK_KEYS=1 DELAY_KEY_WRITE=1;
/*!40101 SET character_set_client = @saved_cs_client */;

--
-- Dumping data for table `gw_stat_search`
--

LOCK TABLES `gw_stat_search` WRITE;
/*!40000 ALTER TABLE `gw_stat_search` DISABLE KEYS */;
/*!40000 ALTER TABLE `gw_stat_search` ENABLE KEYS */;
UNLOCK TABLES;

--
-- Table structure for table `gw_theme`
--

DROP TABLE IF EXISTS `gw_theme`;
/*!40101 SET @saved_cs_client     = @@character_set_client */;
/*!40101 SET character_set_client = utf8 */;
CREATE TABLE `gw_theme` (
  `id_theme` varchar(128) NOT NULL DEFAULT '',
  `is_active` tinyint(1) unsigned NOT NULL DEFAULT '1',
  `v1` tinyint(1) unsigned NOT NULL DEFAULT '1',
  `v2` tinyint(1) unsigned NOT NULL DEFAULT '0',
  `v3` tinyint(1) unsigned NOT NULL DEFAULT '0',
  `theme_name` varbinary(128) NOT NULL DEFAULT '',
  `theme_author` varbinary(128) NOT NULL DEFAULT '',
  `theme_email` varchar(128) NOT NULL DEFAULT '',
  `theme_url` varchar(128) NOT NULL DEFAULT '',
  PRIMARY KEY (`id_theme`)
) ENGINE=MyISAM DEFAULT CHARSET=utf8;
/*!40101 SET character_set_client = @saved_cs_client */;

--
-- Dumping data for table `gw_theme`
--

LOCK TABLES `gw_theme` WRITE;
/*!40000 ALTER TABLE `gw_theme` DISABLE KEYS */;
INSERT INTO `gw_theme` VALUES ('gw\\_admin',1,1,8,12,'Administrative interface','Dmitry N. Shilnikov','team@glossword.biz','http://sourceforge.net/projects/glossword/'),('gw\\_bedroom',1,1,8,12,'Bedroom','Dmitry N. Shilnikov','team@glossword.biz','http://sourceforge.net/projects/glossword/'),('gw\\_brand',1,1,8,12,'Brand','Dmitry N. Shilnikov','team@glossword.biz','http://sourceforge.net/projects/glossword/'),('gw\\_silver',1,1,8,12,'Silver','Dmitry N. Shilnikov','team@glossword.biz','http://sourceforge.net/projects/glossword/'),('gw\\_zh\\_lenox',1,1,8,12,'Zhakkard Lenox','Dmitry N. Shilnikov','team@glossword.biz','http://sourceforge.net/projects/glossword/');
/*!40000 ALTER TABLE `gw_theme` ENABLE KEYS */;
UNLOCK TABLES;

--
-- Table structure for table `gw_theme_group`
--

DROP TABLE IF EXISTS `gw_theme_group`;
/*!40101 SET @saved_cs_client     = @@character_set_client */;
/*!40101 SET character_set_client = utf8 */;
CREATE TABLE `gw_theme_group` (
  `settings_key` varchar(128) NOT NULL DEFAULT '',
  `id_group` tinyint(3) unsigned NOT NULL DEFAULT '0',
  `int_sort` mediumint(8) unsigned NOT NULL DEFAULT '0',
  KEY `settings_key` (`settings_key`)
) ENGINE=MyISAM DEFAULT CHARSET=utf8;
/*!40101 SET character_set_client = @saved_cs_client */;

--
-- Dumping data for table `gw_theme_group`
--

LOCK TABLES `gw_theme_group` WRITE;
/*!40000 ALTER TABLE `gw_theme_group` DISABLE KEYS */;
INSERT INTO `gw_theme_group` VALUES ('append\\_abbr',2,140),('append\\_abbr\\_preview',2,240),('append\\_see\\_syn',2,210),('append\\_trns',2,180),('append\\_trsp',2,100),('color\\_1',1,10),('color\\_2',1,20),('color\\_3',1,30),('color\\_4',1,40),('color\\_5',1,50),('color\\_6',1,60),('color\\_7',1,70),('color\\_a\\_active',1,130),('color\\_a\\_hover',1,120),('color\\_a\\_link',1,100),('color\\_a\\_visited',1,110),('color\\_black',1,90),('color\\_white',1,80),('columns',2,15),('postlang\\_abbr',2,120),('postlang\\_trns',2,160),('prepend\\_abbr',2,110),('prepend\\_abbr\\_preview',2,220),('prepend\\_see\\_syn',2,190),('prepend\\_trns',2,150),('prepend\\_trsp',2,80),('split\\_abbr',2,130),('split\\_abbr\\_preview',2,230),('split\\_defn',2,250),('split\\_pagenumbers',2,270),('split\\_see\\_syn',2,200),('split\\_trns',2,170),('split\\_trsp',2,90),('str\\_nav\\_append',2,40),('str\\_nav\\_prepend',2,20),('str\\_nav\\_split',2,30),('str\\_navb\\_append',2,70),('str\\_navb\\_prepend',2,50),('str\\_navb\\_split',2,60),('tpl\\_aaazzz',5,50),('tpl\\_aaazzz',7,50),('tpl\\_aazz',5,40),('tpl\\_aazz',7,40),('tpl\\_az',4,50),('tpl\\_az',5,30),('tpl\\_az',7,30),('mail\\_feedback',15,10),('tpl\\_cells\\_term',13,20),('tpl\\_cells\\_topic',13,30),('tpl\\_custom\\_page',9,40),('tpl\\_custom\\_pages\\_list',13,30),('tpl\\_dict',4,70),('tpl\\_footer',10,90),('tpl\\_footer',4,90),('tpl\\_footer',5,70),('tpl\\_footer',6,90),('tpl\\_footer',7,70),('tpl\\_footer',9,90),('tpl\\_footer\\_adm',11,90),('tpl\\_footer\\_adm',12,40),('tpl\\_footer\\_adm',14,90),('tpl\\_footer\\_index',3,90),('mail\\_password',15,30),('tpl\\_footer\\_print',8,90),('tpl\\_header',10,10),('tpl\\_header',4,10),('tpl\\_header',5,10),('tpl\\_header',6,10),('tpl\\_header',7,10),('tpl\\_header',9,10),('tpl\\_header\\_adm',11,10),('tpl\\_header\\_adm',12,10),('tpl\\_header\\_adm',14,10),('tpl\\_header\\_index',3,10),('tpl\\_header\\_print',8,10),('tpl\\_index',3,20),('tpl\\_index\\_adm',12,30),('tpl\\_login',11,40),('tpl\\_search\\_form',4,30),('tpl\\_search\\_form',5,20),('tpl\\_search\\_form',6,30),('tpl\\_search\\_form',7,20),('tpl\\_search\\_form\\_custom',10,30),('tpl\\_search\\_form\\_custom',9,30),('tpl\\_search\\_form\\_index',13,40),('tpl\\_search\\_form\\_print',8,30),('tpl\\_search\\_results',6,70),('tpl\\_search\\_results\\_adm',14,70),('tpl\\_smallblock',13,10),('tpl\\_term',7,60),('tpl\\_term\\_list',5,60),('tpl\\_term\\_print',8,70),('tpl\\_user\\_profile',10,40),('txt\\_linkmarker',2,280),('txt\\_linkmarker\\_ext',2,290),('txt\\_virtual\\_keyboard',2,300);
/*!40000 ALTER TABLE `gw_theme_group` ENABLE KEYS */;
UNLOCK TABLES;

--
-- Table structure for table `gw_theme_settings`
--

DROP TABLE IF EXISTS `gw_theme_settings`;
/*!40101 SET @saved_cs_client     = @@character_set_client */;
/*!40101 SET character_set_client = utf8 */;
CREATE TABLE `gw_theme_settings` (
  `id` int(10) unsigned NOT NULL AUTO_INCREMENT,
  `id_theme` varchar(128) NOT NULL DEFAULT '',
  `date_modified` int(10) unsigned NOT NULL DEFAULT '0',
  `date_compiled` int(10) unsigned NOT NULL DEFAULT '0',
  `settings_key` varchar(128) NOT NULL DEFAULT '',
  `settings_value` blob NOT NULL,
  `code` blob NOT NULL,
  `code_i` blob NOT NULL,
  PRIMARY KEY (`id`),
  KEY `id_theme` (`id_theme`)
) ENGINE=MyISAM AUTO_INCREMENT=283 DEFAULT CHARSET=utf8;
/*!40101 SET character_set_client = @saved_cs_client */;

--
-- Dumping data for table `gw_theme_settings`
--

LOCK TABLES `gw_theme_settings` WRITE;
/*!40000 ALTER TABLE `gw_theme_settings` DISABLE KEYS */;
INSERT INTO `gw_theme_settings` VALUES (1,'gw\\_admin',1364426003,0,'color\\_1','#f9fdf6','',''),(2,'gw\\_admin',1364426003,0,'color\\_2','#f4fdff','',''),(3,'gw\\_admin',1364426003,0,'color\\_3','#e6f7f8','',''),(4,'gw\\_admin',1364426003,0,'color\\_4','#c9eeea','',''),(5,'gw\\_admin',1364426003,0,'color\\_5','#ffe7a9','',''),(6,'gw\\_admin',1364426003,0,'color\\_6','#3ab3ba','',''),(7,'gw\\_admin',1364426003,0,'color\\_7','#8C95B2','',''),(8,'gw\\_admin',1364426003,0,'color\\_white','#FFF','',''),(9,'gw\\_admin',1364426003,0,'color\\_black','#000','',''),(10,'gw\\_admin',1364426003,0,'color\\_a\\_link','#077cae','',''),(11,'gw\\_admin',1364426003,0,'color\\_a\\_visited','#077cae','',''),(12,'gw\\_admin',1364426003,0,'color\\_a\\_hover','#ae074e','',''),(13,'gw\\_admin',1364426003,0,'color\\_a\\_active','#FFE547','',''),(14,'gw\\_admin',1364426003,1364426017,'tpl\\_header\\_adm','<?xml version=\"1.0\" encoding=\"{v:charset}\"?>\r\n<!DOCTYPE html PUBLIC \"-//W3C//DTD XHTML 1.1//EN\" \"http://www.w3.org/TR/xhtml11/DTD/xhtml11.dtd\">\r\n<html dir=\"{v:text_direction}\" xml:lang=\"{v:language}\" xmlns=\"http://www.w3.org/1999/xhtml\">\r\n<head>\r\n<title>{v:html_title}</title>\r\n<meta content=\"{v:content_type}; charset={v:charset}\" http-equiv=\"Content-Type\" />\r\n{meta:generator}\r\n<meta content=\"{v:meta_description}\" name=\"description\" />\r\n<meta content=\"{v:meta_keywords}\" name=\"keywords\" />\r\n<meta content=\"noarchive, noindex\" name=\"robots\" />\r\n{v:meta_refresh}\r\n<link href=\"{v:path_css_script}/css.php?t={v:visualtheme}&amp;dir={v:text_direction}\" rel=\"stylesheet\" type=\"text/css\" />\r\n<link href=\"{v:path_css}/admin.css\" rel=\"stylesheet\" type=\"text/css\" />\r\n<script src=\"{v:path_css}/scripts.js\" type=\"text/javascript\"></script>\r\n<script src=\"{v:path_tpl}/scripts.js\" type=\"text/javascript\"></script> \r\n</head>\r\n<body>\r\n\r\n<div class=\"{v:visualtheme}\">','<?php echo \"<\",\"?xml\"; ?> version=\"1.0\" encoding=\"<?php $this->\\_e(\"GW::1400238127\");?>\"?>\r\n<!DOCTYPE html PUBLIC \"-//W3C//DTD XHTML 1.1//EN\" \"http://www.w3.org/TR/xhtml11/DTD/xhtml11.dtd\">\r\n<html dir=\"<?php $this->\\_e(\"GW::3608860383\");?>\" xml:lang=\"<?php $this->\\_e(\"GW::305887545\");?>\" xmlns=\"http://www.w3.org/1999/xhtml\">\r\n<head>\r\n<title><?php $this->\\_e(\"GW::36471057\");?></title>\r\n<meta content=\"<?php $this->\\_e(\"GW::3294197438\");?>; charset=<?php $this->\\_e(\"GW::1400238127\");?>\" http-equiv=\"Content-Type\" />\r\n<?php $this->\\_e(\"GW::471884196\");?>\r\n<meta content=\"<?php $this->\\_e(\"GW::2185866458\");?>\" name=\"description\" />\r\n<meta content=\"<?php $this->\\_e(\"GW::1643288577\");?>\" name=\"keywords\" />\r\n<meta content=\"noarchive, noindex\" name=\"robots\" />\r\n<?php $this->\\_e(\"GW::2887742283\");?>\r\n<link href=\"<?php $this->\\_e(\"GW::249597739\");?>/css.php?t=<?php $this->\\_e(\"GW::4263539765\");?>&amp;dir=<?php $this->\\_e(\"GW::3608860383\");?>\" rel=\"stylesheet\" type=\"text/css\" />\r\n<link href=\"<?php $this->\\_e(\"GW::256053825\");?>/admin.css\" rel=\"stylesheet\" type=\"text/css\" />\r\n<script src=\"<?php $this->\\_e(\"GW::256053825\");?>/scripts.js\" type=\"text/javascript\"></script>\r\n<script src=\"<?php $this->\\_e(\"GW::2953836930\");?>/scripts.js\" type=\"text/javascript\"></script> \r\n</head>\r\n<body>\r\n\r\n<div class=\"<?php $this->\\_e(\"GW::4263539765\");?>\">','<?php\r\n$template\\_timestamp = 1364426017;\r\n?>'),(15,'gw\\_admin',1364426003,1364426017,'tpl\\_login','<table border=\"0\" cellpadding=\"3\" cellspacing=\"0\" width=\"100%\">\n<tbody>\n<tr class=\"xt\">\n<td style=\"width:50%\"><a href=\"{href:home}\">{v:site_name}</a></td>\n<td style=\"text-align:right\"><span class=\"red\"><strong>{v:top_right}</strong></span></td>\n</tr>\n</tbody>\n</table>\n\n<div class=\"hr3\"></div>\n\n<div style=\"text-align:center\">\n<table border=\"0\" cellpadding=\"10\" cellspacing=\"0\" class=\"center\" width=\"430\">\n<tbody>\n<tr style=\"vertical-align:top\">\n<td style=\"text-align:center;background:{color_1}\">\n\n{non::objLogin}\n\n</td>\n</tr>\n<tr style=\"vertical-align:top\">\n<td class=\"xu\" style=\"background:{color_1}\">\n\n{non::objStatus}\n\n</td>\n</tr>\n</tbody>\n</table>\n</div>','<table border=\"0\" cellpadding=\"3\" cellspacing=\"0\" width=\"100\\%\">\n<tbody>\n<tr class=\"xt\">\n<td style=\"width:50\\%\"><a href=\"<?php $this->\\_e(\"GW::1407671569\");?>\"><?php $this->\\_e(\"GW::2171727100\");?></a></td>\n<td style=\"text-align:right\"><span class=\"red\"><strong><?php $this->\\_e(\"GW::3307074403\");?></strong></span></td>\n</tr>\n</tbody>\n</table>\n\n<div class=\"hr3\"></div>\n\n<div style=\"text-align:center\">\n<table border=\"0\" cellpadding=\"10\" cellspacing=\"0\" class=\"center\" width=\"430\">\n<tbody>\n<tr style=\"vertical-align:top\">\n<td style=\"text-align:center;background:<?php $this->\\_e(\"GW::3667899407\");?>\">\n\n<?php $this->\\_e(\"non::GW::objLogin\");?>\n\n</td>\n</tr>\n<tr style=\"vertical-align:top\">\n<td class=\"xu\" style=\"background:<?php $this->\\_e(\"GW::3667899407\");?>\">\n\n<?php $this->\\_e(\"non::GW::objStatus\");?>\n\n</td>\n</tr>\n</tbody>\n</table>\n</div>','<?php\r\n$template\\_timestamp = 1364426017;\r\n?>'),(16,'gw\\_admin',1364426003,1364426017,'tpl\\_footer\\_adm','<div style=\"height:1em\"></div>\r\n\r\n<div class=\"hr3\"></div>\r\n\r\n<div class=\"admfooter\">\r\n<table border=\"0\" cellpadding=\"0\" cellspacing=\"5\" width=\"100%\">\r\n<tbody>\r\n<tr class=\"gray\">\r\n    <td class=\"actions-third\" style=\"width:43%;text-align:{v:css_align_left}\">\r\n\r\n<a href=\"{href:home}\">{v:site_name}</a> &#8226; {url:title_page}\r\n\r\n    </td>\r\n    <td class=\"xq\" style=\"text-align:center;vertical-align:middle\">\r\n\r\n<!-- I request you retain the full copyright notice -->\r\n        {v:copyright}{v:glossword_version}\r\n    </td>\r\n\r\n    <td class=\"xt\" style=\"width:33%;text-align:{v:css_align_right}\"><a href=\"#\" onclick=\"scroll(0,0);return false\"><img alt=\"\" height=\"16\" src=\"{v:path_css}/icon16_arrow_top.png\" width=\"16\" />{l:top_of_page}</a></td>\r\n\r\n</tr>\r\n</tbody>\r\n</table>\r\n</div>\r\n\r\n</div>\r\n\r\n{v:javascripts}\r\n{v:tail}\r\n{v:debug}\r\n\r\n</body>\r\n</html>','<div style=\"height:1em\"></div>\r\n\r\n<div class=\"hr3\"></div>\r\n\r\n<div class=\"admfooter\">\r\n<table border=\"0\" cellpadding=\"0\" cellspacing=\"5\" width=\"100\\%\">\r\n<tbody>\r\n<tr class=\"gray\">\r\n    <td class=\"actions-third\" style=\"width:43\\%;text-align:<?php $this->\\_e(\"GW::1387091824\");?>\">\r\n\r\n<a href=\"<?php $this->\\_e(\"GW::1407671569\");?>\"><?php $this->\\_e(\"GW::2171727100\");?></a> &#8226; <?php $this->\\_e(\"GW::1041783576\");?>\r\n\r\n    </td>\r\n    <td class=\"xq\" style=\"text-align:center;vertical-align:middle\">\r\n\r\n<!-- I request you retain the full copyright notice -->\r\n        <?php $this->\\_e(\"GW::3695786736\");?><?php $this->\\_e(\"GW::3662894354\");?>\r\n    </td>\r\n\r\n    <td class=\"xt\" style=\"width:33\\%;text-align:<?php $this->\\_e(\"GW::2811111410\");?>\"><a href=\"#\" onclick=\"scroll(0,0);return false\"><img alt=\"\" height=\"16\" src=\"<?php $this->\\_e(\"GW::256053825\");?>/icon16\\_arrow\\_top.png\" width=\"16\" /><?php $this->\\_e(\"GW::1540310556\");?></a></td>\r\n\r\n</tr>\r\n</tbody>\r\n</table>\r\n</div>\r\n\r\n</div>\r\n\r\n<?php $this->\\_e(\"GW::3098527862\");?>\r\n<?php $this->\\_e(\"GW::3663430681\");?>\r\n<?php $this->\\_e(\"GW::498249246\");?>\r\n\r\n</body>\r\n</html>','<?php\r\n$template\\_timestamp = 1364426017;\r\n?>'),(17,'gw\\_admin',1364426003,1364426052,'tpl\\_index\\_adm','<div class=\"admheader\">\r\n<table border=\"0\" cellpadding=\"3\" cellspacing=\"0\" width=\"100%\">\r\n<tbody>\r\n<tr class=\"gray\">\r\n\r\n<td class=\"logocell\">\r\n<a href=\"{href:home}\"><img alt=\"\" height=\"31\" src=\"{v:path_css}/logo.png\" width=\"120\" /></a>\r\n</td>\r\n\r\n<td class=\"actions-third\" style=\"width:40%;padding-left:10px\">\r\n {url:browse_dicts}\r\n {url:browse_users}\r\n {url:add_term} \r\n</td>\r\n\r\n<td class=\"actions-third\" style=\"text-align:{v:css_align_right};padding-right:10px\">\r\n{v:top_right}</td>\r\n</tr>\r\n</tbody>\r\n</table>\r\n</div>\r\n\r\n\r\n<table border=\"0\" cellpadding=\"2\" cellspacing=\"0\" width=\"100%\">\r\n<tbody>\r\n<tr style=\"vertical-align:top\">\r\n<td style=\"vertical-align:top;width:10%;background:{color_1}\">\r\n\r\n<div style=\"font-size:1px;width:150px\"></div>\r\n\r\n\r\n{d if:term_add}\r\n\r\n<form accept-charset=\"{v:charset}\" action=\"{v:form_action}\" enctype=\"application/x-www-form-urlencoded\" id=\"srchform\" method=\"get\">\r\n\r\n<table border=\"0\" cellpadding=\"0\" cellspacing=\"0\" class=\"admmenu\" width=\"100%\">\r\n<tbody>\r\n<tr>\r\n<td class=\"admcomponents\" onclick=\"return toggle_collapse(\'search\')\" style=\"text-align:{v:css_align_left}\" title=\"{l:search_to_edit}\">\r\n\r\n<img alt=\"\" height=\"21\" id=\"ci-search\" src=\"{v:path_img}/collapse_on.png\" style=\"float:left\" width=\"9\" />{l:search_submit}\r\n\r\n</td>\r\n</tr>\r\n\r\n<tr>\r\n<td id=\"co-search\" style=\"background:{color_2};text-align:{v:css_align_left}\">\r\n\r\n<table border=\"0\" cellpadding=\"3\" cellspacing=\"0\" width=\"100%\">\r\n<tbody>\r\n\r\n<tr>\r\n<td>{block:SearchSelect}</td>\r\n</tr>\r\n\r\n<tr>\r\n<td><input class=\"input\" name=\"q\" style=\"font-size:100%;width:97%\" type=\"text\" value=\"{v:q}\" /></td>\r\n</tr>\r\n\r\n<tr>\r\n<td>\r\n\r\n<select class=\"input\" id=\"srch-in-\" name=\"srch[in]\" onchange=\"if(this.form.q.value==\'\'){this.form.q.value=\'*\'}\">\r\n\r\n<option value=\"1\" {v:chk_srch_in_term}>{l:search_term}</option>\r\n<option value=\"0\" {v:chk_srch_in_defn}>{l:search_defn}</option>\r\n<option value=\"103\" {v:chk_srch_in_term_approved}>{l:search_approved_term}</option>\r\n<option value=\"100\" {v:chk_srch_in_term_unapproved}>{l:search_unapproved_term}</option>\r\n<option value=\"101\" {v:chk_srch_in_term_incomplete}>{l:search_incomplete_term}</option> \r\n<option value=\"102\" {v:chk_srch_in_term_removed}>{l:search_removed_term}</option> \r\n\r\n</select>\r\n</td>\r\n</tr>\r\n\r\n<tr>\r\n<td class=\"center\">\r\n\r\n<input name=\"{sid_name}\" type=\"hidden\" value=\"{sid}\" />\r\n<input name=\"a\" type=\"hidden\" value=\"{A_SEARCH}\" />\r\n<input class=\"submitok\" name=\"post\" style=\"margin:0 auto\" type=\"submit\" value=\"{l:search_submit}\" />\r\n\r\n</td>\r\n</tr>\r\n</tbody>\r\n</table>\r\n\r\n\r\n</td>\r\n</tr>\r\n</tbody>\r\n</table>\r\n\r\n{v:input_url_append}\r\n</form>\r\n\r\n{/d}\r\n\r\n\r\n{ADMIN_LEFT_SIDE}\r\n\r\n\r\n</td>\r\n<td class=\"dragme\">&#160;</td>\r\n<td style=\"vertical-align:top\">\r\n\r\n\r\n<h1>{v:current_action}</h1>\r\n{v:note_afterpost}\r\n\r\n{block:dict_updated}\r\n{block:term_updated}\r\n{v:dict_details}\r\n{ADMIN_RIGHT_SIDE}\r\n\r\n</td>\r\n<td class=\"dragme\">&#160;</td>\r\n</tr>\r\n</tbody>\r\n</table>','<div class=\"admheader\">\r\n<table border=\"0\" cellpadding=\"3\" cellspacing=\"0\" width=\"100\\%\">\r\n<tbody>\r\n<tr class=\"gray\">\r\n\r\n<td class=\"logocell\">\r\n<a href=\"<?php $this->\\_e(\"GW::1407671569\");?>\"><img alt=\"\" height=\"31\" src=\"<?php $this->\\_e(\"GW::256053825\");?>/logo.png\" width=\"120\" /></a>\r\n</td>\r\n\r\n<td class=\"actions-third\" style=\"width:40\\%;padding-left:10px\">\r\n <?php $this->\\_e(\"GW::1317207092\");?>\r\n <?php $this->\\_e(\"GW::2121346761\");?>\r\n <?php $this->\\_e(\"GW::3747844127\");?> \r\n</td>\r\n\r\n<td class=\"actions-third\" style=\"text-align:<?php $this->\\_e(\"GW::2811111410\");?>;padding-right:10px\">\r\n<?php $this->\\_e(\"GW::3307074403\");?></td>\r\n</tr>\r\n</tbody>\r\n</table>\r\n</div>\r\n\r\n\r\n<table border=\"0\" cellpadding=\"2\" cellspacing=\"0\" width=\"100\\%\">\r\n<tbody>\r\n<tr style=\"vertical-align:top\">\r\n<td style=\"vertical-align:top;width:10\\%;background:<?php $this->\\_e(\"GW::3667899407\");?>\">\r\n\r\n<div style=\"font-size:1px;width:150px\"></div>\r\n\r\n\r\n<?php while ($this->\\_dRun(\"GW::1611755829\")) : ?>\r\n\r\n\r\n<form accept-charset=\"<?php $this->\\_e(\"GW::1400238127\");?>\" action=\"<?php $this->\\_e(\"GW::3319714414\");?>\" enctype=\"application/x-www-form-urlencoded\" id=\"srchform\" method=\"get\">\r\n\r\n<table border=\"0\" cellpadding=\"0\" cellspacing=\"0\" class=\"admmenu\" width=\"100\\%\">\r\n<tbody>\r\n<tr>\r\n<td class=\"admcomponents\" onclick=\"return toggle\\_collapse(\'search\')\" style=\"text-align:<?php $this->\\_e(\"GW::1387091824\");?>\" title=\"<?php $this->\\_e(\"GW::3821113429\");?>\">\r\n\r\n<img alt=\"\" height=\"21\" id=\"ci-search\" src=\"<?php $this->\\_e(\"GW::3427761205\");?>/collapse\\_on.png\" style=\"float:left\" width=\"9\" /><?php $this->\\_e(\"GW::1079962385\");?>\r\n\r\n</td>\r\n</tr>\r\n\r\n<tr>\r\n<td id=\"co-search\" style=\"background:<?php $this->\\_e(\"GW::1133962677\");?>;text-align:<?php $this->\\_e(\"GW::1387091824\");?>\">\r\n\r\n<table border=\"0\" cellpadding=\"3\" cellspacing=\"0\" width=\"100\\%\">\r\n<tbody>\r\n\r\n<tr>\r\n<td><?php $this->\\_e(\"GW::3898963007\");?></td>\r\n</tr>\r\n\r\n<tr>\r\n<td><input class=\"input\" name=\"q\" style=\"font-size:100\\%;width:97\\%\" type=\"text\" value=\"<?php $this->\\_e(\"GW::2912309795\");?>\" /></td>\r\n</tr>\r\n\r\n<tr>\r\n<td>\r\n\r\n<select class=\"input\" id=\"srch-in-\" name=\"srch[in]\" onchange=\"if(this.form.q.value==\'\'){this.form.q.value=\'*\'}\">\r\n\r\n<option value=\"1\" <?php $this->\\_e(\"GW::1843378123\");?>><?php $this->\\_e(\"GW::4038178890\");?></option>\r\n<option value=\"0\" <?php $this->\\_e(\"GW::2321639099\");?>><?php $this->\\_e(\"GW::386885946\");?></option>\r\n<option value=\"103\" <?php $this->\\_e(\"GW::1574416510\");?>><?php $this->\\_e(\"GW::359299406\");?></option>\r\n<option value=\"100\" <?php $this->\\_e(\"GW::1938262886\");?>><?php $this->\\_e(\"GW::2652152428\");?></option>\r\n<option value=\"101\" <?php $this->\\_e(\"GW::1881530942\");?>><?php $this->\\_e(\"GW::562578466\");?></option> \r\n<option value=\"102\" <?php $this->\\_e(\"GW::2330995785\");?>><?php $this->\\_e(\"GW::1593119127\");?></option> \r\n\r\n</select>\r\n</td>\r\n</tr>\r\n\r\n<tr>\r\n<td class=\"center\">\r\n\r\n<input name=\"<?php $this->\\_e(\"GW::261289056\");?>\" type=\"hidden\" value=\"<?php $this->\\_e(\"GW::1461090996\");?>\" />\r\n<input name=\"a\" type=\"hidden\" value=\"<?php $this->\\_e(\"GW::2688694726\");?>\" />\r\n<input class=\"submitok\" name=\"post\" style=\"margin:0 auto\" type=\"submit\" value=\"<?php $this->\\_e(\"GW::1079962385\");?>\" />\r\n\r\n</td>\r\n</tr>\r\n</tbody>\r\n</table>\r\n\r\n\r\n</td>\r\n</tr>\r\n</tbody>\r\n</table>\r\n\r\n<?php $this->\\_e(\"GW::1393319168\");?>\r\n</form>\r\n\r\n<?php $this->\\_dEndHook(); endwhile; ?>\r\n\r\n\r\n\r\n<?php $this->\\_e(\"GW::8392511\");?>\r\n\r\n\r\n</td>\r\n<td class=\"dragme\">&#160;</td>\r\n<td style=\"vertical-align:top\">\r\n\r\n\r\n<h1><?php $this->\\_e(\"GW::1515872852\");?></h1>\r\n<?php $this->\\_e(\"GW::246387629\");?>\r\n\r\n<?php $this->\\_e(\"GW::963761064\");?>\r\n<?php $this->\\_e(\"GW::4152144495\");?>\r\n<?php $this->\\_e(\"GW::170847683\");?>\r\n<?php $this->\\_e(\"GW::1342524384\");?>\r\n\r\n</td>\r\n<td class=\"dragme\">&#160;</td>\r\n</tr>\r\n</tbody>\r\n</table>','<?php\r\n$template\\_timestamp = 1364426052;\r\n$arBlockI[\"GW::1611755829\"][\'var\'][] = \"GW::1400238127\";\n$arBlockI[\"GW::1611755829\"][\'var\'][] = \"GW::3319714414\";\n$arBlockI[\"GW::1611755829\"][\'var\'][] = \"GW::1387091824\";\n$arBlockI[\"GW::1611755829\"][\'var\'][] = \"GW::3821113429\";\n$arBlockI[\"GW::1611755829\"][\'var\'][] = \"GW::3427761205\";\n$arBlockI[\"GW::1611755829\"][\'var\'][] = \"GW::1079962385\";\n$arBlockI[\"GW::1611755829\"][\'var\'][] = \"GW::1133962677\";\n$arBlockI[\"GW::1611755829\"][\'var\'][] = \"GW::1387091824\";\n$arBlockI[\"GW::1611755829\"][\'var\'][] = \"GW::3898963007\";\n$arBlockI[\"GW::1611755829\"][\'var\'][] = \"GW::2912309795\";\n$arBlockI[\"GW::1611755829\"][\'var\'][] = \"GW::1843378123\";\n$arBlockI[\"GW::1611755829\"][\'var\'][] = \"GW::4038178890\";\n$arBlockI[\"GW::1611755829\"][\'var\'][] = \"GW::2321639099\";\n$arBlockI[\"GW::1611755829\"][\'var\'][] = \"GW::386885946\";\n$arBlockI[\"GW::1611755829\"][\'var\'][] = \"GW::1574416510\";\n$arBlockI[\"GW::1611755829\"][\'var\'][] = \"GW::359299406\";\n$arBlockI[\"GW::1611755829\"][\'var\'][] = \"GW::1938262886\";\n$arBlockI[\"GW::1611755829\"][\'var\'][] = \"GW::2652152428\";\n$arBlockI[\"GW::1611755829\"][\'var\'][] = \"GW::1881530942\";\n$arBlockI[\"GW::1611755829\"][\'var\'][] = \"GW::562578466\";\n$arBlockI[\"GW::1611755829\"][\'var\'][] = \"GW::2330995785\";\n$arBlockI[\"GW::1611755829\"][\'var\'][] = \"GW::1593119127\";\n$arBlockI[\"GW::1611755829\"][\'var\'][] = \"GW::261289056\";\n$arBlockI[\"GW::1611755829\"][\'var\'][] = \"GW::1461090996\";\n$arBlockI[\"GW::1611755829\"][\'var\'][] = \"GW::2688694726\";\n$arBlockI[\"GW::1611755829\"][\'var\'][] = \"GW::1079962385\";\n$arBlockI[\"GW::1611755829\"][\'var\'][] = \"GW::1393319168\";\n?>'),(18,'gw\\_admin',1364426003,1364426052,'tpl\\_smallblock','<h3 style=\"{v:head-text-align}\">{v:head-title}</h3>\r\n\r\n<table border=\"0\" cellpadding=\"6\" cellspacing=\"0\" width=\"100%\">\r\n<tbody>\r\n<tr>\r\n<td {v:head-attr}>{v:head-content}</td>\r\n</tr>\r\n</tbody>\r\n</table>\r\n','<h3 style=\"<?php $this->\\_e(\"GW::416307071\");?>\"><?php $this->\\_e(\"GW::2604474561\");?></h3>\r\n\r\n<table border=\"0\" cellpadding=\"6\" cellspacing=\"0\" width=\"100\\%\">\r\n<tbody>\r\n<tr>\r\n<td <?php $this->\\_e(\"GW::3753814894\");?>><?php $this->\\_e(\"GW::3483176199\");?></td>\r\n</tr>\r\n</tbody>\r\n</table>\r\n','<?php\r\n$template\\_timestamp = 1364426052;\r\n?>'),(19,'gw\\_admin',1364426003,1364426100,'tpl\\_cells\\_topic','<table border=\"{v:cells_border}\" cellpadding=\"{v:cells_padding}\" cellspacing=\"{v:cells_spacing}\" class=\"{v:cells_class}\" width=\"100%\">\r\n<tbody>\r\n{d cells_tr}\r\n    <tr {cells_tr:attr}>\r\n    {d cells_td}\r\n    <td {cells_td:attr}>\r\n        {d if:td}\r\n        <div class=\"xu gray\">{non:tp_parent} [{non:int_tp_parent_cnt}]</div>\r\n        <div class=\"xt\">\r\n            {d tp_subparent}{non:tp_subparent}{txt_sep_subparent}{/d}\r\n        </div>\r\n        {/d}\r\n    </td>\r\n    {/d}\r\n    </tr>\r\n{/d}\r\n</tbody>\r\n</table>\r\n<br />','<table border=\"<?php $this->\\_e(\"GW::1887886600\");?>\" cellpadding=\"<?php $this->\\_e(\"GW::3321446165\");?>\" cellspacing=\"<?php $this->\\_e(\"GW::1772897151\");?>\" class=\"<?php $this->\\_e(\"GW::597777889\");?>\" width=\"100\\%\">\r\n<tbody>\r\n<?php while ($this->\\_dRun(\"GW::705594371\")) : ?>\r\n\r\n    <tr <?php $this->\\_e(\"GW::1223102892\");?>>\r\n    <?php while ($this->\\_dRun(\"GW::3738841426\")) : ?>\r\n\r\n    <td <?php $this->\\_e(\"GW::2640900138\");?>>\r\n        <?php while ($this->\\_dRun(\"GW::1681732363\")) : ?>\r\n\r\n        <div class=\"xu gray\"><?php $this->\\_e(\"GW::2216335137\");?> [<?php $this->\\_e(\"GW::3194555912\");?>]</div>\r\n        <div class=\"xt\">\r\n            <?php while ($this->\\_dRun(\"GW::1465847574\")) : ?>\r\n<?php $this->\\_e(\"GW::3039047390\");?><?php $this->\\_e(\"GW::865111123\");?><?php $this->\\_dEndHook(); endwhile; ?>\r\n\r\n        </div>\r\n        <?php $this->\\_dEndHook(); endwhile; ?>\r\n\r\n    </td>\r\n    <?php $this->\\_dEndHook(); endwhile; ?>\r\n\r\n    </tr>\r\n<?php $this->\\_dEndHook(); endwhile; ?>\r\n\r\n</tbody>\r\n</table>\r\n<br />','<?php\r\n$template\\_timestamp = 1364426100;\r\n$arBlockI[\"GW::705594371\"][\'var\'][] = \"GW::1223102892\";\n$arBlockI[\"GW::705594371\"][\'childs\'][] = \"GW::3738841426\";\n$arBlockI[\"GW::3738841426\"][\'var\'][] = \"GW::2640900138\";\n$arBlockI[\"GW::3738841426\"][\'childs\'][] = \"GW::1681732363\";\n$arBlockI[\"GW::1681732363\"][\'var\'][] = \"GW::2216335137\";\n$arBlockI[\"GW::1681732363\"][\'var\'][] = \"GW::3194555912\";\n$arBlockI[\"GW::1681732363\"][\'childs\'][] = \"GW::1465847574\";\n$arBlockI[\"GW::1465847574\"][\'var\'][] = \"GW::3039047390\";\n$arBlockI[\"GW::1465847574\"][\'var\'][] = \"GW::865111123\";\n?>'),(20,'gw\\_admin',1364426003,0,'tpl\\_search\\_results\\_adm','<div class=\"admheader\">\r\n<table border=\"0\" cellpadding=\"3\" cellspacing=\"0\" width=\"100%\">\r\n<tbody>\r\n<tr class=\"gray\">\r\n\r\n<td class=\"logocell\">\r\n<a href=\"{href:home}\"><img alt=\"\" height=\"31\" src=\"{v:path_css}/logo.png\" width=\"120\" /></a>\r\n</td>\r\n\r\n<td class=\"actions-third\" style=\"width:40%;padding-left:10px\">\r\n {url:browse_dicts}\r\n {url:browse_users}\r\n {url:add_term} \r\n</td>\r\n\r\n<td class=\"actions-third\" style=\"text-align:{v:css_align_right};padding-right:10px\">\r\n{v:top_right}</td>\r\n</tr>\r\n</tbody>\r\n</table>\r\n</div>\r\n\r\n<table border=\"0\" cellpadding=\"2\" cellspacing=\"0\" width=\"100%\">\r\n<tbody>\r\n<tr>\r\n<td style=\"vertical-align:top;width:10%;background:{color_1}\">\r\n\r\n<div class=\"hr4\" style=\"width:150px\"></div>\r\n\r\n{d if:term_add}\r\n\r\n<form accept-charset=\"{v:charset}\" action=\"{v:form_action}\" enctype=\"application/x-www-form-urlencoded\" id=\"srchform\" method=\"get\" style=\"margin:0\">\r\n\r\n<table border=\"0\" cellpadding=\"0\" cellspacing=\"0\" class=\"admmenu\" width=\"100%\">\r\n<tbody>\r\n<tr>\r\n<td class=\"admcomponents\" onclick=\"return toggle_collapse(\'search\')\" style=\"text-align:{v:css_align_left}\" title=\"{l:search_to_edit}\">\r\n<img alt=\"\" height=\"21\" id=\"ci-search\" src=\"{v:path_img}/collapse_on.png\" width=\"9\" />{l:search_submit}\r\n</td>\r\n</tr>\r\n<tr>\r\n<td id=\"co-search\" style=\"background:{color_2};text-align:{v:css_align_left}\">\r\n\r\n<table border=\"0\" cellpadding=\"3\" cellspacing=\"0\" width=\"100%\">\r\n<tbody>\r\n<tr>\r\n<td>{block:SearchSelect}</td>\r\n</tr>\r\n<tr>\r\n<td><input class=\"input\" name=\"q\" style=\"font-size:100%;width:97%\" type=\"text\" value=\"{v:q}\" /></td>\r\n</tr>\r\n<tr>\r\n<td>\r\n<select class=\"input\" id=\"srch-in-\" name=\"srch[in]\" onchange=\"if(this.form.q.value==\'\'){this.form.q.value=\'*\'}\">\r\n\r\n<option value=\"1\" {v:chk_srch_in_term}>{l:search_term}</option>\r\n<option value=\"0\" {v:chk_srch_in_defn}>{l:search_defn}</option>\r\n<option value=\"103\" {v:chk_srch_in_term_approved}>{l:search_approved_term}</option>\r\n<option value=\"100\" {v:chk_srch_in_term_unapproved}>{l:search_unapproved_term}</option>\r\n<option value=\"101\" {v:chk_srch_in_term_incomplete}>{l:search_incomplete_term}</option> \r\n<option value=\"102\" {v:chk_srch_in_term_removed}>{l:search_removed_term}</option> \r\n</select>\r\n</td>\r\n</tr>\r\n<tr>\r\n<td class=\"center\">\r\n<input name=\"{sid_name}\" type=\"hidden\" value=\"{sid}\" />\r\n<input name=\"a\" type=\"hidden\" value=\"{A_SEARCH}\" />\r\n<input class=\"submitok\" name=\"post\" style=\"margin:0 auto\" type=\"submit\" value=\"{l:search_submit}\" />\r\n</td>\r\n</tr>\r\n</tbody>\r\n</table>\r\n\r\n</td>\r\n</tr>\r\n</tbody>\r\n</table>\r\n{v:input_url_append}\r\n</form>\r\n{/d}\r\n\r\n\r\n\r\n{ADMIN_LEFT_SIDE}\r\n\r\n</td>\r\n\r\n<td class=\"dragme\">&#160;</td>\r\n\r\n\r\n<td style=\"vertical-align:top\">\r\n\r\n<h1>{v:current_action}</h1>\r\n{v:note_afterpost} \r\n\r\n<div class=\"hr5\"></div>\r\n\r\n<table border=\"0\" cellpadding=\"0\" cellspacing=\"0\" width=\"{v:table_width}\">\r\n<tbody>\r\n<tr class=\"gray\">\r\n<td style=\"text-align:{v:css_align_left}\">\r\n       <div class=\"xu\">\r\n       {l:found}: <strong class=\"red\">{v:q}</strong><br />\r\n       {l:search_matches}: <strong>{v:found}</strong>\r\n       </div>       \r\n       <div class=\"xt gray\">\r\n       <em>\r\n       {l:search_time}: <strong>{v:search_time}</strong>\r\n       </em>\r\n       </div>\r\n</td>\r\n</tr>\r\n</tbody>\r\n</table>\r\n\r\n<div class=\"actions-third gray\" style=\"text-align:center;padding:7px\">{v:nav_pages}</div>\r\n\r\n<form accept-charset=\"{v:charset}\" action=\"{v:form_action}\" enctype=\"application/x-www-form-urlencoded\" id=\"term-browse\" method=\"post\">\r\n\r\n<dl class=\"termlist\">\r\n{d search_item}\r\n\r\n<dt style=\"background:{v:color_odd_even}\">\r\n\r\n<label class=\"xt\" for=\"id-term-{v:id_term}\">\r\n{v:term_number}. {v:checkbox} \r\n</label>\r\n\r\n<strong class=\"xw\">{v:term}</strong> <span class=\"xt\">{v:status}</span>\r\n\r\n</dt>\r\n<dd> {url:term_edit} {url:term_remove} \r\n\r\n<label class=\"defnpreview\" for=\"id-term-{v:id_term}\">\r\n{v:defn}\r\n</label>\r\n\r\n</dd>\r\n{/d}\r\n</dl>\r\n\r\n{d if:found}\r\n\r\n<div class=\"actions-third gray\" style=\"text-align:center;padding:7px\">{v:nav_pages}</div>\r\n\r\n\r\n<div class=\"xt gray\" style=\"padding:7px\">\r\n\r\n<label><input id=\"term-is-all\" name=\"arPost[is_all]\" onclick=\"term_alert_checking(\'term-is-all\', \'{l:1372}\')\" style=\"vertical-align:middle;\" type=\"checkbox\" value=\"1\" />&#160;{l:1371}</label>\r\n&#8226;\r\n<a href=\"#\" onclick=\"return term_check(true)\">{l:select_on}</a> \r\n&#8226;\r\n<a href=\"#\" onclick=\"return term_check(false)\">{l:select_off}</a>\r\n\r\n</div>\r\n\r\n<table cellpadding=\"2\" cellspacing=\"1\" style=\"border: 1px solid {color_4}\" width=\"100%\">\r\n<tbody>\r\n<tr>\r\n\r\n<td style=\"width:12%;text-align:{v:css_align_left}\"><span class=\"xq\">{l:1373}:&#160;</span><span class=\"xu\" id=\"checked\">0</span></td>\r\n\r\n<td class=\"gray\" style=\"background:{color_3};text-align:center\">\r\n<span class=\"xq\">{l:1320}: </span>\r\n<span class=\"nobr\"><input class=\"submitok\" name=\"arPost[selected_term_on]\" style=\"width:3em\" type=\"submit\" value=\"{l:is_1}\" />/<input class=\"submitok\" name=\"arPost[selected_term_off]\" style=\"width:3em\" type=\"submit\" value=\"{l:is_0}\" /></span></td>\r\n\r\n<td style=\"text-align:center;background:{color_3};\"><input class=\"submitdel\" name=\"arPost[selected_term_remove]\" style=\"cursor:pointer\" type=\"submit\" value=\"{l:3_remove}\" /></td>\r\n\r\n<td style=\"text-align:center;background:{color_3};\">\r\n<input class=\"submitok\" name=\"arPost[selected_term_move]\" style=\"cursor:pointer\" type=\"submit\" value=\"{l:1072}\" /></td>\r\n\r\n<td style=\"width:30%\">{block:SearchSelect}</td>\r\n\r\n</tr>\r\n</tbody>\r\n</table>\r\n\r\n<div>\r\n<input name=\"arPost[id_source]\" type=\"hidden\" value=\"{d}\" />\r\n<input name=\"{sid_name}\" type=\"hidden\" value=\"{sid}\" />\r\n<input name=\"arPost[q]\" type=\"hidden\" value=\"{v:q}\" />\r\n<input name=\"arPost[id_srch]\" type=\"hidden\" value=\"{v:id_srch}\" />\r\n{v:input_url_append}\r\n</div>\r\n</form>\r\n{/d}\r\n\r\n</td>\r\n\r\n<td class=\"dragme\">&#160;</td>\r\n\r\n</tr>\r\n</tbody>\r\n</table>','',''),(21,'gw\\_admin',1364426003,0,'mail\\_feedback','<div style=\"font: 110% sans-serif\">\n{v:body}\n</div>\n\n<div style=\"margin:5px;padding-top:5px;border-top: 1px #CCC solid; font: 80% sans-serif\">\n{v:footer}\n</div>','',''),(22,'gw\\_admin',1364426003,0,'mail\\_password','<div style=\"font: 110% sans-serif\">\n{v:body}\n</div>\n\n<div style=\"margin:5px;padding-top:5px;border-top: 1px #CCC solid; font: 80% sans-serif\">\n{v:footer}\n</div>','',''),(23,'gw\\_bedroom',1364426003,0,'color\\_1','#F6FCFD','',''),(24,'gw\\_bedroom',1364426003,0,'color\\_2','#E7F1F8','',''),(25,'gw\\_bedroom',1364426003,0,'color\\_3','#F3F9F2','',''),(26,'gw\\_bedroom',1364426003,0,'color\\_4','#E3E9E3','',''),(27,'gw\\_bedroom',1364426003,0,'color\\_5','#E8F3E4','',''),(28,'gw\\_bedroom',1364426003,0,'color\\_6','#F49900','',''),(29,'gw\\_bedroom',1364426003,0,'color\\_7','#44588B','',''),(30,'gw\\_bedroom',1364426003,0,'color\\_white','#FEFEFF','',''),(31,'gw\\_bedroom',1364426003,0,'color\\_black','#000','',''),(32,'gw\\_bedroom',1364426003,0,'color\\_a\\_link','#67956E','',''),(33,'gw\\_bedroom',1364426003,0,'color\\_a\\_visited','#67956E','',''),(34,'gw\\_bedroom',1364426003,0,'color\\_a\\_hover','#607DC5','',''),(35,'gw\\_bedroom',1364426003,0,'color\\_a\\_active','#FFE547','',''),(36,'gw\\_bedroom',1364426003,0,'columns','1','',''),(37,'gw\\_bedroom',1364426003,0,'str\\_nav\\_prepend','','',''),(38,'gw\\_bedroom',1364426003,0,'str\\_nav\\_split','&#32;','',''),(39,'gw\\_bedroom',1364426003,0,'str\\_nav\\_append','','',''),(40,'gw\\_bedroom',1364426003,0,'str\\_navb\\_prepend','','',''),(41,'gw\\_bedroom',1364426003,0,'str\\_navb\\_split','&#32;•&#32;','',''),(42,'gw\\_bedroom',1364426003,0,'str\\_navb\\_append','','',''),(43,'gw\\_bedroom',1364426003,0,'prepend\\_trsp','<span class=\"trsp\">[','',''),(44,'gw\\_bedroom',1364426003,0,'split\\_trsp',';&#32;','',''),(45,'gw\\_bedroom',1364426003,0,'append\\_trsp',']</span>','',''),(46,'gw\\_bedroom',1364426003,0,'prepend\\_abbr','','',''),(47,'gw\\_bedroom',1364426003,0,'postlang\\_abbr','&#32;','',''),(48,'gw\\_bedroom',1364426003,0,'split\\_abbr',';&#32;','',''),(49,'gw\\_bedroom',1364426003,0,'append\\_abbr','<br />','',''),(50,'gw\\_bedroom',1364426003,0,'prepend\\_trns','','',''),(51,'gw\\_bedroom',1364426003,0,'postlang\\_trns','&#32;','',''),(52,'gw\\_bedroom',1364426003,0,'split\\_trns','<br />','',''),(53,'gw\\_bedroom',1364426003,0,'append\\_trns','','',''),(54,'gw\\_bedroom',1364426003,0,'prepend\\_see\\_syn','','',''),(55,'gw\\_bedroom',1364426003,0,'split\\_see\\_syn',',&#32;','',''),(56,'gw\\_bedroom',1364426003,0,'append\\_see\\_syn','','',''),(57,'gw\\_bedroom',1364426003,0,'prepend\\_abbr\\_preview','(','',''),(58,'gw\\_bedroom',1364426003,0,'split\\_abbr\\_preview',';&#32;','',''),(59,'gw\\_bedroom',1364426003,0,'append\\_abbr\\_preview',')','',''),(60,'gw\\_bedroom',1364426003,0,'split\\_defn','&#32;&#9674;&#32;','',''),(61,'gw\\_bedroom',1364426003,0,'split\\_pagenumbers','&#32;-&#32;','',''),(62,'gw\\_bedroom',1364426003,0,'txt\\_linkmarker','<span class=\"linkmark\">&#9654;</span>','',''),(63,'gw\\_bedroom',1364426003,0,'txt\\_linkmarker\\_ext','<span class=\"linkmark\">&#9655;</span>','',''),(64,'gw\\_bedroom',1364426003,0,'txt\\_virtual\\_keyboard','<img alt=\"\" height=\"24\" src=\"{v:path_img}/vkb2.png\" width=\"32\" />','',''),(65,'gw\\_bedroom',1364426003,0,'tpl\\_header\\_index','<?xml version=\"1.0\" encoding=\"{v:charset}\"?>\r\n<!DOCTYPE html PUBLIC \"-//W3C//DTD XHTML 1.1//EN\" \"http://www.w3.org/TR/xhtml11/DTD/xhtml11.dtd\">\r\n<html dir=\"{v:text_direction}\" xml:lang=\"{v:language}\" xmlns=\"http://www.w3.org/1999/xhtml\">\r\n<head>\r\n<title>{v:html_title}</title>\r\n<meta content=\"{v:content_type}; charset={v:charset}\" http-equiv=\"Content-Type\" />\r\n{meta:generator}\r\n{meta:robots} \r\n<meta content=\"{v:meta_description}\" name=\"description\" />\r\n<meta content=\"{v:meta_keywords}\" name=\"keywords\" />\r\n<link href=\"{v:server_dir}/favicon.ico\" rel=\"shortcut icon\" /> \r\n<link href=\"{v:path_css_script}/css.php?t={v:visualtheme}&amp;dir={v:text_direction}\" rel=\"stylesheet\" type=\"text/css\" />\r\n<link href=\"{v:server_url}/{v:path_temp}/opensearch.xml\" rel=\"search\" title=\"{v:site_name}\" type=\"application/opensearchdescription+xml\" />\r\n<script src=\"{v:path_tpl}/scripts.js\" type=\"text/javascript\"></script> \r\n<script src=\"{v:path_css}/scripts.js\" type=\"text/javascript\"></script>\r\n</head>\r\n<body>\r\n{block:counter_images}','',''),(66,'gw\\_bedroom',1364426003,0,'tpl\\_index','<div class=\"{v:visualtheme}\">\r\n\r\n<div class=\"bgtop\">\r\n\r\n<div class=\"hr4\"></div>\r\n\r\n<table border=\"0\" cellpadding=\"4\" cellspacing=\"0\" width=\"100%\">\r\n<tbody>\r\n<tr>\r\n<td style=\"width:1%\"><img alt=\"\" height=\"31\" src=\"{v:path_css}/logo.gif\" width=\"120\" /></td>\r\n\r\n<td class=\"xt\" style=\"text-align:center\">\r\n\r\n<div class=\"navtop\">{v:nav_top}</div>\r\n\r\n</td>\r\n</tr>\r\n</tbody>\r\n</table>\r\n\r\n<div class=\"hr4\"></div>\r\n\r\n<table border=\"0\" cellpadding=\"10\" cellspacing=\"0\" width=\"100%\">\r\n<tbody>\r\n<tr>\r\n<td style=\"text-align:center\">\r\n	<div class=\"xw\">\r\n	{v:site_name}\r\n	</div>\r\n	<div class=\"xu\" style=\"font-size:70%\">\r\n	{v:site_descr}\r\n	</div>\r\n</td>\r\n</tr>\r\n</tbody>\r\n</table>\r\n\r\n<div style=\"font-size:0px;height:5px;background:{color_7} url(\'{v:path_css}/bg_az1.png\') repeat-x\"></div>\r\n\r\n</div>\r\n\r\n\r\n<!-- search form -->\r\n<div class=\"box-search\" style=\"padding: 0.5em; background: {color_5} url(\'{v:path_css}/bg_top.png\');\">\r\n\r\n<form accept-charset=\"utf-8\" action=\"{v:form_action}\" enctype=\"application/x-www-form-urlencoded\" id=\"gw\" method=\"get\">\r\n\r\n<table border=\"0\" cellpadding=\"0\" cellspacing=\"3\" width=\"100%\">\r\n<tbody>\r\n<tr>\r\n<td>\r\n\r\n<input name=\"a\" type=\"hidden\" value=\"srch\" />\r\n<input name=\"srch[adv]\" type=\"hidden\" value=\"all\" />\r\n<input name=\"srch[by]\" type=\"hidden\" value=\"d\" />\r\n<input name=\"srch[in]\" type=\"hidden\" value=\"-1\" />\r\n{v:input_url_append}\r\n\r\n<table border=\"0\" cellpadding=\"0\" cellspacing=\"0\" width=\"100%\">\r\n<tbody>\r\n\r\n<tr>\r\n<td style=\"width:25px; height:39px; background: url(\'{v:path_css}/srch1.png\') repeat-x\"></td>\r\n\r\n<td style=\"width:25%;background: url(\'{v:path_css}/srch2.png\') repeat-x\">\r\n{v:select_dict}\r\n</td>\r\n\r\n<td style=\"padding:0 0.5em;background: url(\'{v:path_css}/srch2.png\') repeat-x\">\r\n<input class=\"input\" id=\"gwq\" maxlength=\"128\" name=\"q\" size=\"28\" style=\"width:100%\" type=\"text\" value=\"{v:q_rnd}\" />\r\n</td>\r\n\r\n<td style=\"width:1%;padding:0 0.5em;background: url(\'{v:path_css}/srch2.png\') repeat-x\">\r\n{v:keyboard}\r\n</td>\r\n\r\n<td style=\"background: url(\'{v:path_css}/srch2.png\') repeat-x;width:5%\"><input alt=\"{l:search_submit}\" class=\"submitok\" name=\"search\" type=\"submit\" value=\"{l:search_submit}\" /></td>\r\n\r\n<td style=\"width:11px; height:39px; background: url(\'{v:path_css}/srch3.png\') repeat-x\"></td>\r\n\r\n</tr> \r\n\r\n</tbody>\r\n</table>\r\n\r\n</td>\r\n</tr>\r\n</tbody>\r\n</table>\r\n</form>\r\n</div><!-- /search form-->\r\n\r\n<table border=\"0\" cellpadding=\"2\" cellspacing=\"0\" style=\"background:{color_1}\" width=\"100%\">\r\n<tbody>\r\n<tr>\r\n<td>\r\n\r\n{block:dict_updated}\r\n\r\n</td>\r\n</tr>\r\n</tbody>\r\n</table>\r\n\r\n<div class=\"hr5\"></div>\r\n\r\n<table border=\"0\" cellpadding=\"10\" cellspacing=\"0\" style=\"background:{color_3}\" width=\"100%\">\r\n<tbody>\r\n<tr style=\"vertical-align:top\">\r\n<td style=\"text-align:{v:css_align_left}\">\r\n\r\n<!-- The list of dictionaries -->\r\n{block:catalog}\r\n\r\n<table border=\"0\" cellpadding=\"0\" cellspacing=\"0\" width=\"100%\">\r\n<tbody>\r\n<tr class=\"xt gray\" style=\"text-align:center\">\r\n<td>{l:legend_updated}</td>\r\n<td>{l:legend_new}</td>\r\n</tr>\r\n</tbody>\r\n</table>\r\n\r\n</td>\r\n</tr>\r\n</tbody>\r\n</table>\r\n\r\n\r\n<!-- \"Recently updated\" block -->\r\n<table border=\"0\" cellpadding=\"2\" cellspacing=\"0\" style=\"background:{color_1}\" width=\"100%\">\r\n<tbody>\r\n<tr style=\"vertical-align:top\">\r\n<td>\r\n\r\n{block:term_updated} \r\n\r\n</td>\r\n</tr>\r\n</tbody>\r\n</table>\r\n\r\n\r\n<table border=\"0\" cellpadding=\"2\" cellspacing=\"0\" style=\"background:{color_1}\" width=\"100%\">\r\n<tbody>\r\n<tr>\r\n<td style=\"width:50%\">\r\n\r\n<!-- select visual theme -->\r\n<h3>{l:visual_theme}</h3>\r\n<table border=\"0\" cellpadding=\"6\" cellspacing=\"0\" width=\"100%\">\r\n<tbody><tr><td class=\"center\"> {v:select_visualtheme} </td></tr></tbody>\r\n</table>\r\n<!-- /select visual theme -->\r\n\r\n</td>\r\n<td>\r\n\r\n<!-- select visual theme -->\r\n<h3>{l:lang}</h3>\r\n<table border=\"0\" cellpadding=\"6\" cellspacing=\"0\" width=\"100%\">\r\n<tbody><tr><td class=\"center\"> {v:select_lang} </td></tr></tbody>\r\n</table>\r\n<!-- /select visual theme -->\r\n\r\n\r\n</td>\r\n</tr>\r\n</tbody>\r\n</table>\r\n\r\n<!-- Search glossword.info -->\r\n{block:gwsearch1}','',''),(67,'gw\\_bedroom',1364426003,0,'tpl\\_footer\\_index','<!-- footer -->\r\n\r\n<div style=\"font-size:0px;height:5px;background:{color_7} url(\'{v:path_css}/bg_az1.png\') repeat-x\"></div>\r\n\r\n<div class=\"bgbottom\">\r\n<table border=\"0\" cellpadding=\"7\" cellspacing=\"0\" width=\"100%\">\r\n<tbody>\r\n<tr class=\"gray\">\r\n	<td class=\"xt\" style=\"text-align:{v:css_align_left}\">{v:nav_bottom}</td>\r\n	<td class=\"xq\" style=\"width:30%;text-align:{v:css_align_right}\">\r\n		<img alt=\"\" height=\"16\" src=\"{v:path_css}/16_icon_totop.png\" style=\"vertical-align:bottom\" width=\"16\" />&#160;<a href=\"#\" onclick=\"scroll(0,0);return false\"><strong>{l:top_of_page}</strong></a>\r\n	</td>\r\n</tr>\r\n</tbody>\r\n</table>\r\n\r\n<div class=\"hr4\"></div>\r\n\r\n<table border=\"0\" cellpadding=\"10\" cellspacing=\"0\" width=\"100%\">\r\n<tbody>\r\n<tr class=\"xq gray\" style=\"vertical-align:middle\">\r\n<td style=\"width:35%;text-align:{v:css_align_left}\">&#169; 2008 {url:mailto_contact_name}</td>\r\n<td style=\"text-align:center\">\r\n\r\n<!-- custom_vars.php -->\r\n<a href=\"#\" onclick=\"nw(\'{href:valid_xhtml}\');return false\">XHTML</a> |\r\n<a href=\"#\" onclick=\"nw(\'{href:valid_css}\');return false\">CSS</a>\r\n{block:counter_links}\r\n\r\n</td>\r\n<!-- I request you to retain the copyright notice! -->\r\n<td style=\"width:35%;text-align:{v:css_align_right}\">{v:copyright}{v:glossword_version}</td>\r\n</tr>\r\n</tbody>\r\n</table>\r\n<div class=\"hr4\"></div>\r\n</div>\r\n\r\n</div>\r\n\r\n{v:javascripts}\r\n{v:debug}\r\n\r\n</body></html>','',''),(68,'gw\\_bedroom',1364426003,0,'tpl\\_search\\_form','<div class=\"{v:visualtheme}\">\r\n<div class=\"bgtop\">\r\n<div class=\"hr4\"></div>\r\n\r\n<table border=\"0\" cellpadding=\"4\" cellspacing=\"0\" width=\"100%\">\r\n<tbody>\r\n<tr>\r\n<td style=\"width:1%\">\r\n\r\n<a class=\"plain\" href=\"{href:home}\"><img alt=\"{l:main_page}\" height=\"31\" src=\"{v:path_css}/logo.gif\" width=\"120\" /></a>\r\n</td>\r\n\r\n<td class=\"xt\" style=\"text-align:center\">\r\n\r\n<div class=\"navtop\">{v:nav_top}</div>\r\n\r\n</td>\r\n</tr>\r\n</tbody>\r\n</table>\r\n\r\n<div class=\"hr4\"></div>\r\n\r\n\r\n<table border=\"0\" cellpadding=\"5\" cellspacing=\"0\" width=\"100%\">\r\n<tbody>\r\n<tr style=\"height:55px\">\r\n<td class=\"xw\" style=\"padding-{v:css_align_left}:0.6em;width:45%\">\r\n\r\n{url:dict_name}\r\n\r\n</td>\r\n<td style=\"padding-{v:css_align_right}:0.6em\"> \r\n\r\n<div class=\"box-search\">\r\n\r\n<form accept-charset=\"utf-8\" action=\"{v:form_action}\" enctype=\"application/x-www-form-urlencoded\" id=\"gw\" method=\"get\" style=\"margin:0\">\r\n\r\n<table border=\"0\" cellpadding=\"0\" cellspacing=\"0\" width=\"100%\">\r\n<tbody>\r\n<tr>\r\n<td style=\"width:25px; height:39px; background: url(\'{v:path_css}/srch1.png\') repeat-x\"></td>\r\n<td style=\"background: url(\'{v:path_css}/srch2.png\') repeat-x\">\r\n<input class=\"input\" id=\"gwq\" maxlength=\"128\" name=\"q\" size=\"28\" style=\"width:98%\" value=\"{v:q}\" /></td>\r\n\r\n<td style=\"width:1%;background: url(\'{v:path_css}/srch2.png\') repeat-x\">{v:keyboard}</td>\r\n\r\n<td style=\"background: url(\'{v:path_css}/srch2.png\') repeat-x;width:5%\"><input alt=\"{l:search_submit}\" class=\"submitok\" name=\"search\" type=\"submit\" value=\"{l:search_submit}\" /></td>\r\n\r\n\r\n<td style=\"width:11px; height:39px; background: url(\'{v:path_css}/srch3.png\') repeat-x\"> </td>\r\n\r\n\r\n</tr>\r\n</tbody>\r\n</table>\r\n\r\n<div>\r\n<input name=\"srch[adv]\" type=\"hidden\" value=\"all\" />\r\n<input name=\"srch[by]\" type=\"hidden\" value=\"d\" />\r\n<input name=\"srch[in]\" type=\"hidden\" value=\"-1\" />\r\n<input name=\"a\" type=\"hidden\" value=\"srch\" />\r\n<input name=\"d\" type=\"hidden\" value=\"{v:id_dict}\" />\r\n<input name=\"{v:sid_name}\" type=\"hidden\" value=\"{v:sid}\" />\r\n{v:input_url_append}\r\n</div>\r\n\r\n</form>\r\n</div>\r\n\r\n</td>\r\n</tr>\r\n</tbody>\r\n</table>\r\n\r\n\r\n</div><!-- /.bgtop -->\r\n\r\n{block:google_ads}','',''),(69,'gw\\_bedroom',1364426003,0,'tpl\\_az','<div style=\"font-size:0px;height:5px;background:{color_7} url(\'{v:path_css}/bg_az1.png\') repeat-x\"></div>\r\n<div class=\"az\">{v:az}</div>\r\n<div style=\"font-size:0px;height:7px;background:{color_7} url(\'{v:path_css}/bg_az2.png\') repeat-x\"></div>','',''),(70,'gw\\_bedroom',1364426003,0,'tpl\\_dict','<div class=\"hr5\"></div>\r\n\r\n<table border=\"0\" cellpadding=\"15\" cellspacing=\"0\" width=\"100%\">\r\n<tr style=\"vertical-align:top;background:{color_1}\">\r\n<td style=\"width:40%;vertical-align:top\">\r\n<div class=\"xu\">\r\n\r\n{v:dict_descr}\r\n\r\n</div>\r\n\r\n<div class=\"xt\">\r\n<br /><span class=\"gray\">{l:dict_terms}:</span> <strong>{v:dict_terms}</strong>\r\n<br /><span class=\"gray\">{l:pages}:</span> <strong>{v:browse_pages}</strong>\r\n<br /><strong>{v:dict_contents}</strong>\r\n<br />{v:dict_date_modified}\r\n<br />{v:dict_editors}\r\n</div>\r\n\r\n</td><td>\r\n\r\n{v:terms_recent}\r\n\r\n</td>\r\n</tr>\r\n</table>','',''),(71,'gw\\_bedroom',1364426003,0,'tpl\\_aazz','<div class=\"aazz\">{v:aazz}</div>','',''),(72,'gw\\_bedroom',1364426003,0,'tpl\\_aaazzz','<div class=\"aaazzz\">{v:aaazzz}</div>','',''),(73,'gw\\_bedroom',1364426003,0,'tpl\\_term\\_list','<div class=\"box\"><div class=\"inlinetable\">\r\n\r\n<table border=\"0\" cellpadding=\"0\" cellspacing=\"4\" width=\"100%\">\r\n<tbody>\r\n<tr class=\"gray xt\">\r\n<td style=\"width:20%;text-align:{v:css_align_left}\">{l:terms_on_page}: {v:terms_on_page}</td>\r\n\r\n<td class=\"center\">\r\n<div class=\"navpages\">{l:pages}&#160;{v:nav_pages}</div>\r\n</td>\r\n\r\n<td style=\"width:20%;text-align:{v:css_align_right}\">{v:page_of_page}</td>\r\n</tr>\r\n</tbody>\r\n</table>\r\n\r\n<!-- Layout for one column -->\r\n{d if:one_column}\r\n\r\n<dl class=\"termlist\">\r\n{d list_item}\r\n<dt class=\"termpreview\"><span class=\"gray xt\">{v:term_number}.</span> {v:term}</dt>\r\n<dd class=\"defnpreview\">{v:defn}</dd>\r\n{/d}\r\n</dl>\r\n\r\n{/d}\r\n\r\n<!-- Layout for several columns (see `tpl_cells_term\') -->\r\n{block:columns}\r\n\r\n</div></div>','',''),(74,'gw\\_bedroom',1364426003,0,'tpl\\_search\\_results','<div style=\"font-size:0px;height:5px;background:{color_7} url(\'{v:path_css}/bg_az1.png\') repeat-x\"></div>\r\n\r\n\r\n\r\n\r\n\r\n<table border=\"0\" cellpadding=\"10\" cellspacing=\"0\" width=\"100%\">\r\n\r\n\r\n<tbody>\r\n\r\n\r\n<tr style=\"background:{color_1};vertical-align:top\">\r\n\r\n\r\n<td style=\"text-align:{v:css_align_left}\">\r\n\r\n\r\n\r\n\r\n\r\n<div class=\"xu\">{l:found}: <strong class=\"red\">{v:q}</strong></div>\r\n\r\n\r\n\r\n\r\n\r\n	<div class=\"xt\">\r\n\r\n\r\n	{l:search_found_dict}: <strong>{v:found_total}</strong><br />\r\n\r\n\r\n	</div>\r\n\r\n\r\n\r\n\r\n\r\n<ul class=\"dictlist\">\r\n\r\n\r\n{d list_dict}\r\n\r\n\r\n<li>{url:dict_url_search} - {v:found_dict}</li>\r\n\r\n\r\n{/d}\r\n\r\n\r\n</ul>\r\n\r\n\r\n\r\n\r\n\r\n<div class=\"xt center navpages\">{l:pages}&#160;{v:nav_pages}</div>\r\n\r\n\r\n\r\n\r\n\r\n<dl class=\"termlist\">\r\n\r\n\r\n{d search_item}\r\n\r\n\r\n<dt class=\"termpreview\"><span class=\"gray\">{v:term_number}.</span> {v:term} {url:term_edit}</dt>\r\n\r\n\r\n<dd class=\"defnpreview\">{v:defn}</dd>\r\n\r\n\r\n{/d}\r\n\r\n\r\n</dl>\r\n\r\n\r\n\r\n\r\n\r\n<div class=\"xu\"><p>{l:reason_5}</p><p>{l:srch_trydefn}</p>{l:1075}</div>\r\n\r\n\r\n\r\n\r\n\r\n</td>\r\n\r\n\r\n</tr>\r\n\r\n\r\n</tbody>\r\n\r\n\r\n</table>','',''),(75,'gw\\_bedroom',1364426003,0,'tpl\\_term','<div class=\"box\"><div class=\"inlinetable\" style=\"text-align:{v:css_align_left}\">\r\n\r\n<h1 class=\"term\">{v:term}</h1>\r\n\r\n{v:defn}\r\n\r\n</div></div>','',''),(76,'gw\\_bedroom',1364426003,0,'tpl\\_header\\_print','<?xml version=\"1.0\" encoding=\"{v:charset}\"?>\r\n<!DOCTYPE html PUBLIC \"-//W3C//DTD XHTML 1.1//EN\" \"http://www.w3.org/TR/xhtml11/DTD/xhtml11.dtd\">\r\n<html dir=\"{v:text_direction}\" xml:lang=\"{v:language}\" xmlns=\"http://www.w3.org/1999/xhtml\">\r\n<head>\r\n<title>{v:html_title} - {l:print_version}</title>\r\n<meta content=\"{v:content_type}; charset={v:charset}\" http-equiv=\"Content-Type\" />\r\n<meta name=\"generator\" content=\"Glossword version {v:glossword_version}\"  />\r\n<meta name=\"description\" content=\"{l:print_version} : {v:meta_description}\"  />\r\n<meta content=\"{v:meta_keywords}\" name=\"keywords\" />\r\n<meta content=\"noarchive\" name=\"robots\" />\r\n<link href=\"{v:server_dir}/css.php?t={v:visualtheme}&amp;dir={v:text_direction}\" rel=\"stylesheet\" type=\"text/css\" />\r\n<link href=\"{v:path_css}/style_print.css\" rel=\"stylesheet\" type=\"text/css\" />\r\n</head>\r\n<body>\r\n{block:counter_images}','',''),(77,'gw\\_bedroom',1364426003,0,'tpl\\_search\\_form\\_print','<div class=\"{v:visualtheme}\">\r\n\r\n\r\n<table border=\"0\" cellpadding=\"2\" cellspacing=\"0\" width=\"100%\">\r\n<tbody>\r\n<tr>\r\n<td class=\"xt\" style=\"width:20%\">{url:site_name}</td>\r\n<td style=\"width:80%\">\r\n    <span class=\"xr\">{url:dict_name}</span>\r\n</td>\r\n</tr>\r\n\r\n<tr class=\"xq\">\r\n<td style=\"vertical-align:top;text-align:{v:css_align_right}\">{l:dict_url}</td>\r\n<td>{url:dict_url}</td>\r\n</tr>\r\n\r\n<tr class=\"xq\">\r\n<td style=\"vertical-align:top;text-align:{v:css_align_right}\">{l:term_url}</td>\r\n<td>{url:term_url}</td>\r\n</tr>\r\n\r\n</tbody>\r\n</table>\r\n\r\n<div class=\"hr2\"></div>','',''),(78,'gw\\_bedroom',1364426003,0,'tpl\\_term\\_print','<div style=\"margin:0; padding:2em; width:auto\">\r\n\r\n<span class=\"term\" style=\"text-align:{v:css_align_left}\">{v:term}</span>\r\n\r\n{v:defn}\r\n\r\n</div>','',''),(79,'gw\\_bedroom',1364426003,0,'tpl\\_footer\\_print','<div class=\"hr2\"></div>\r\n\r\n<table border=\"0\" cellpadding=\"5\" cellspacing=\"0\" width=\"100%\">\r\n<tbody>\r\n\r\n<tr style=\"vertical-align:middle\">\r\n<td class=\"xt\" style=\"width:35%;text-align:{v:css_align_left}\"><p>&#169; 2008 {url:mailto_contact_name}</p></td>\r\n\r\n<td class=\"center\"><button class=\"non-print\" onclick=\"print(); return false\">{l:1379}</button></td>\r\n\r\n<td class=\"xt\" style=\"width:35%;text-align:{v:css_align_right}\">{v:copyright}</td>\r\n</tr>\r\n\r\n</tbody>\r\n</table>\r\n\r\n</div>\r\n\r\n</body>\r\n</html>','',''),(80,'gw\\_bedroom',1364426003,0,'tpl\\_custom\\_page','<div class=\"box\"><div class=\"inlinetable\">\r\n\r\n<!-- {block:page_descr} -->\r\n{block:page_content}\r\n\r\n</div></div>','',''),(81,'gw\\_bedroom',1364426003,0,'tpl\\_header','<?xml version=\"1.0\" encoding=\"{v:charset}\"?>\r\n<!DOCTYPE html PUBLIC \"-//W3C//DTD XHTML 1.1//EN\" \"http://www.w3.org/TR/xhtml11/DTD/xhtml11.dtd\">\r\n<html dir=\"{v:text_direction}\" xml:lang=\"{v:language}\" xmlns=\"http://www.w3.org/1999/xhtml\">\r\n<head>\r\n<title>{v:html_title}</title>\r\n<meta content=\"{v:content_type}; charset={v:charset}\" http-equiv=\"Content-Type\" />\r\n{meta:generator}\r\n{meta:robots} \r\n<meta content=\"{v:meta_description}\" name=\"description\" />\r\n<meta content=\"{v:meta_keywords}\" name=\"keywords\" />\r\n<link href=\"{v:server_dir}/favicon.ico\" rel=\"shortcut icon\" /> \r\n<link href=\"{v:path_css_script}/css.php?t={v:visualtheme}&amp;dir={v:text_direction}\" rel=\"stylesheet\" type=\"text/css\" />\r\n<link href=\"{v:server_url}/{v:path_temp}/opensearch.xml\" rel=\"search\" title=\"{v:site_name}\" type=\"application/opensearchdescription+xml\" />\r\n<script src=\"{v:path_tpl}/scripts.js\" type=\"text/javascript\"></script> \r\n<script src=\"{v:path_css}/scripts.js\" type=\"text/javascript\"></script>\r\n</head>\r\n<body>\r\n{block:counter_images}','',''),(82,'gw\\_bedroom',1364426003,0,'tpl\\_search\\_form\\_custom','<div class=\"{v:visualtheme}\">\r\n\r\n<div class=\"bgtop\">\r\n<div class=\"hr4\"></div>\r\n\r\n<table border=\"0\" cellpadding=\"4\" cellspacing=\"0\" width=\"100%\">\r\n<tbody>\r\n<tr>\r\n<td style=\"width:1%\">\r\n\r\n<a class=\"plain\" href=\"{href:home}\"><img alt=\"{l:to_main}\" height=\"31\" src=\"{v:path_css}/logo.gif\" width=\"120\" /></a>\r\n\r\n</td>\r\n<td class=\"xt\" style=\"text-align:center\">\r\n\r\n<div class=\"navtop\">{v:nav_top}</div>\r\n\r\n</td>\r\n</tr>\r\n</tbody>\r\n</table>\r\n\r\n<div class=\"hr4\"></div>\r\n\r\n<table border=\"0\" cellpadding=\"5\" cellspacing=\"0\" width=\"100%\">\r\n<tbody>\r\n<tr style=\"height:55px\">\r\n<td class=\"xw\" style=\"padding-{v:css_align_left}:0.6em;width:45%\">\r\n\r\n{v:breadcrumb}\r\n\r\n</td>\r\n<td style=\"padding-{v:css_align_right}:0.6em\">\r\n\r\n<div class=\"box-search\">\r\n<form accept-charset=\"utf-8\" action=\"{v:form_action}\" enctype=\"application/x-www-form-urlencoded\" id=\"gw\" method=\"get\" style=\"margin:0\">\r\n\r\n<table border=\"0\" cellpadding=\"0\" cellspacing=\"0\" width=\"100%\">\r\n<tbody>\r\n<tr>\r\n<td style=\"width:25px; height:39px; background: url(\'{v:path_css}/srch1.png\') repeat-x\"></td>\r\n<td style=\"background: url(\'{v:path_css}/srch2.png\') repeat-x\">\r\n<input class=\"input\" id=\"gwq\" maxlength=\"128\" name=\"q\" size=\"28\" style=\"width:98%\" value=\"{v:q}\" /></td>\r\n<td style=\"width:1%;background: url(\'{v:path_css}/srch2.png\') repeat-x\">{v:keyboard}</td>\r\n<td style=\"background: url(\'{v:path_css}/srch2.png\') repeat-x;width:5%\"><input alt=\"{l:search_submit}\" class=\"submitok\" name=\"search\" type=\"submit\" value=\"{l:search_submit}\" /></td>\r\n<td style=\"width:11px; height:39px; background: url(\'{v:path_css}/srch3.png\') repeat-x\"> </td>\r\n</tr>\r\n</tbody>\r\n</table>\r\n<div>\r\n	<input name=\"srch[adv]\" type=\"hidden\" value=\"all\" />\r\n	<input name=\"srch[by]\" type=\"hidden\" value=\"d\" />\r\n	<input name=\"srch[in]\" type=\"hidden\" value=\"-1\" />\r\n	<input name=\"a\" type=\"hidden\" value=\"srch\" />\r\n	<input name=\"d\" type=\"hidden\" value=\"0\" />\r\n	<input name=\"{v:sid_name}\" type=\"hidden\" value=\"{v:sid}\" />\r\n	{v:input_url_append}\r\n</div>\r\n</form>\r\n</div>\r\n\r\n</td>\r\n</tr>\r\n</tbody>\r\n</table>\r\n</div>\r\n\r\n{block:google_ads}\r\n\r\n<div style=\"font-size:0px;height:5px;background:{color_7} url(\'{v:path_css}/bg_az1.png\') repeat-x\"></div>','',''),(83,'gw\\_bedroom',1364426003,0,'tpl\\_user\\_profile','<div class=\"box\"><div class=\"inlinetable\">\r\n<table cellspacing=\"0\" cellpadding=\"5\" border=\"0\" width=\"100%\">\r\n<tbody>\r\n<tr style=\"vertical-align:top\">\r\n<td style=\"width:25%;text-align:{v:css_align_right};border-right:5px {color_4} solid\"> {v:avatar_img} </td>\r\n<td class=\"xu\"> {block:user_contact} </td>\r\n</tr>\r\n</tbody>\r\n</table>\r\n</div></div>','',''),(84,'gw\\_bedroom',1364426003,0,'tpl\\_footer','<!-- footer -->\r\n\r\n<div class=\"hr2\"></div>\r\n<table border=\"0\" cellpadding=\"4\" cellspacing=\"0\" width=\"100%\">\r\n<tbody>\r\n<tr class=\"xt gray center\" style=\"background:{color_3}\">\r\n<td>\r\n\r\n  <div class=\"navpages\">{v:nav_pages}&#160;{v:term_actions}</div>\r\n\r\n</td>\r\n</tr>\r\n</tbody>\r\n</table>\r\n\r\n<div class=\"bgbottom\"> \r\n\r\n<table border=\"0\" cellpadding=\"7\" cellspacing=\"0\" width=\"100%\">\r\n<tbody>\r\n<tr class=\"gray\" style=\"height:35px;vertical-align:middle\">\r\n	<td class=\"xq\" style=\"width:25%;text-align:{v:css_align_left}\">\r\n\r\n\r\n		<img alt=\"\" height=\"16\" src=\"{v:path_css}/16_icon_toleft.png\" style=\"vertical-align:bottom\" width=\"16\" />&#160;<a href=\"{href:home}\"><strong>{l:main_page}</strong></a>\r\n\r\n\r\n	</td>\r\n	<td class=\"xt\" style=\"text-align:center\">{v:nav_bottom}</td>\r\n	<td class=\"xq\" style=\"width:25%;text-align:{v:css_align_right}\">\r\n		<img alt=\"\" height=\"16\" src=\"{v:path_css}/16_icon_totop.png\" style=\"vertical-align:bottom\" width=\"16\" />&#160;<a href=\"#\" onclick=\"scroll(0,0);return false\"><strong>{l:top_of_page}</strong></a>\r\n\r\n	</td>\r\n</tr>\r\n</tbody>\r\n</table>\r\n\r\n<div class=\"hr4\"></div>\r\n\r\n<table border=\"0\" cellpadding=\"10\" cellspacing=\"0\" width=\"100%\">\r\n<tbody>\r\n<tr class=\"gray xq\" style=\"vertical-align:middle\">\r\n<td style=\"width:35%;text-align:{v:css_align_left}\">&#169; 2008 {url:mailto_contact_name}</td>\r\n<td style=\"text-align:center\">\r\n\r\n<!-- custom_vars.php -->\r\n<a href=\"#\" onclick=\"nw(\'{href:valid_xhtml}\');return false\">XHTML</a> |\r\n<a href=\"#\" onclick=\"nw(\'{href:valid_css}\');return false\">CSS</a>\r\n{block:counter_links}\r\n\r\n</td>\r\n<!-- I request you to retain the copyright notice! -->\r\n<td style=\"width:35%;text-align:{v:css_align_right}\">{v:copyright}{v:glossword_version}</td>\r\n</tr>\r\n</tbody>\r\n</table>\r\n<div class=\"hr4\"></div>\r\n</div>\r\n</div>\r\n\r\n{v:javascripts}\r\n{v:debug}\r\n\r\n</body></html>','',''),(85,'gw\\_bedroom',1364426003,0,'tpl\\_smallblock','<h3 style=\"{v:head-text-align}\">{v:head-title}</h3>\r\n\r\n<table border=\"0\" cellpadding=\"6\" cellspacing=\"0\" width=\"100%\">\r\n<tbody>\r\n<tr>\r\n<td {v:head-attr}>{v:head-content}</td>\r\n</tr>\r\n</tbody>\r\n</table>','',''),(86,'gw\\_bedroom',1364426003,0,'tpl\\_cells\\_term','<table border=\"{v:cells_border}\" cellpadding=\"{v:cells_padding}\" cellspacing=\"{v:cells_spacing}\" class=\"{v:cells_class}\" width=\"100%\">\r\n<tbody>\r\n{d cells_tr}\r\n    <tr {cells_tr:attr}>\r\n    {d cells_td}\r\n    <td {cells_td:attr}>\r\n        {d if:td}\r\n\r\n<dl class=\"termlist\">\r\n<dt class=\"termpreview\"><span class=\"gray xt\">{v:term_number}.</span> {v:term}</dt>\r\n<dd class=\"defnpreview\">{v:defn}</dd>\r\n</dl> \r\n\r\n        {/d}\r\n    </td>\r\n    {/d}\r\n    </tr>\r\n{/d}\r\n</tbody>\r\n</table>\r\n\r\n<br />','',''),(87,'gw\\_bedroom',1364426003,0,'tpl\\_custom\\_pages\\_list','<dl class=\"termlist\">\r\n{d list_custom_pages}\r\n<dt class=\"termpreview\">{url:page_title}</dt>\r\n<dd class=\"defnpreview\">{page_descr}</dd>\r\n{/d}\r\n</dl>','',''),(88,'gw\\_brand',1364426003,0,'color\\_1','#FEFEFE','',''),(89,'gw\\_brand',1364426003,0,'color\\_2','#f5f9ff','',''),(90,'gw\\_brand',1364426003,0,'color\\_3','#e9f2ff','',''),(91,'gw\\_brand',1364426003,0,'color\\_4','#ebf2f7','',''),(92,'gw\\_brand',1364426003,0,'color\\_5','#94b3dc','',''),(93,'gw\\_brand',1364426003,0,'color\\_6','#ffd0a7','',''),(94,'gw\\_brand',1364426003,0,'color\\_7','#b95c0c','',''),(95,'gw\\_brand',1364426003,0,'color\\_white','#FEFEFF','',''),(96,'gw\\_brand',1364426003,0,'color\\_black','#000','',''),(97,'gw\\_brand',1364426003,0,'color\\_a\\_link','#3e67b3','',''),(98,'gw\\_brand',1364426003,0,'color\\_a\\_visited','#3e67b3','',''),(99,'gw\\_brand',1364426003,0,'color\\_a\\_hover','#6b8ab3','',''),(100,'gw\\_brand',1364426003,0,'color\\_a\\_active','#72beff','',''),(101,'gw\\_brand',1364426003,0,'columns','1','',''),(102,'gw\\_brand',1364426003,0,'str\\_nav\\_prepend','','',''),(103,'gw\\_brand',1364426003,0,'str\\_nav\\_split','&#32;','',''),(104,'gw\\_brand',1364426003,0,'str\\_nav\\_append','','',''),(105,'gw\\_brand',1364426003,0,'str\\_navb\\_prepend','','',''),(106,'gw\\_brand',1364426003,0,'str\\_navb\\_split','&#32;•&#32;','',''),(107,'gw\\_brand',1364426003,0,'str\\_navb\\_append','','',''),(108,'gw\\_brand',1364426003,0,'prepend\\_trsp','<span class=\"trsp\">[','',''),(109,'gw\\_brand',1364426003,0,'split\\_trsp',';&#32;','',''),(110,'gw\\_brand',1364426003,0,'append\\_trsp',']</span>','',''),(111,'gw\\_brand',1364426003,0,'prepend\\_abbr','','',''),(112,'gw\\_brand',1364426003,0,'postlang\\_abbr','&#032;','',''),(113,'gw\\_brand',1364426003,0,'split\\_abbr',';&#32;','',''),(114,'gw\\_brand',1364426003,0,'append\\_abbr','','',''),(115,'gw\\_brand',1364426003,0,'prepend\\_trns','&#160;<table class=\"trns-t\"><tbody><tr><td class=\"trns-l\">','',''),(116,'gw\\_brand',1364426003,0,'postlang\\_trns','</td><td>','',''),(117,'gw\\_brand',1364426003,0,'split\\_trns','</td></tr><tr><td>','',''),(118,'gw\\_brand',1364426003,0,'append\\_trns','</td></tr></tbody></table>','',''),(119,'gw\\_brand',1364426003,0,'prepend\\_see\\_syn','','',''),(120,'gw\\_brand',1364426003,0,'split\\_see\\_syn',',&#32;','',''),(121,'gw\\_brand',1364426003,0,'append\\_see\\_syn','','',''),(122,'gw\\_brand',1364426003,0,'prepend\\_abbr\\_preview','(','',''),(123,'gw\\_brand',1364426003,0,'split\\_abbr\\_preview',';&#32;','',''),(124,'gw\\_brand',1364426003,0,'append\\_abbr\\_preview',')','',''),(125,'gw\\_brand',1364426003,0,'split\\_defn','&#32;&#9674;&#32;','',''),(126,'gw\\_brand',1364426003,0,'split\\_pagenumbers','&#32;','',''),(127,'gw\\_brand',1364426003,0,'txt\\_linkmarker','','',''),(128,'gw\\_brand',1364426003,0,'txt\\_linkmarker\\_ext','','',''),(129,'gw\\_brand',1364426003,0,'txt\\_virtual\\_keyboard','<img alt=\"\" height=\"24\" src=\"{v:path_img}/vkb2.png\" width=\"32\" />','',''),(130,'gw\\_brand',1364426003,0,'tpl\\_header\\_index','<?xml version=\"1.0\" encoding=\"{v:charset}\"?>\r\n<!DOCTYPE html PUBLIC \"-//W3C//DTD XHTML 1.1//EN\" \"http://www.w3.org/TR/xhtml11/DTD/xhtml11.dtd\">\r\n<html dir=\"{v:text_direction}\" xml:lang=\"{v:language}\" xmlns=\"http://www.w3.org/1999/xhtml\">\r\n<head>\r\n<title>{v:html_title}</title>\r\n<meta content=\"{v:content_type}; charset={v:charset}\" http-equiv=\"Content-Type\" />\r\n{meta:generator} \r\n{meta:robots} \r\n<meta content=\"{v:meta_description}\" name=\"description\" />\r\n<meta content=\"{v:meta_keywords}\" name=\"keywords\" />\r\n<link href=\"{v:server_dir}/favicon.ico\" rel=\"shortcut icon\" />\r\n<link href=\"{v:path_css_script}/css.php?t={v:visualtheme}&amp;dir={v:text_direction}\" rel=\"stylesheet\" type=\"text/css\" />\r\n<link href=\"{v:server_url}/{v:path_temp}/opensearch.xml\" rel=\"search\" title=\"{v:site_name}\" type=\"application/opensearchdescription+xml\" />\r\n<script src=\"{v:path_tpl}/scripts.js\" type=\"text/javascript\"></script> \r\n<script src=\"{v:path_css}/scripts.js\" type=\"text/javascript\"></script>\r\n</head>\r\n<body>\r\n{block:counter_images}','',''),(131,'gw\\_brand',1364426003,0,'tpl\\_index','<div class=\"{v:visualtheme}\">\r\n\r\n<table border=\"0\" cellpadding=\"0\" cellspacing=\"0\" class=\"bgtop\" width=\"100%\">\r\n<tbody>\r\n<tr>\r\n<td class=\"gw-logo\" rowspan=\"2\">\r\n\r\n<img alt=\"{l:main_page}\" height=\"48\" src=\"{v:path_css}/logo.png\" width=\"48\" />\r\n\r\n</td>\r\n<td class=\"xt gray\" style=\"padding-top:0.7em\">\r\n\r\n<span id=\"place-il\"></span>\r\n<span id=\"place-visualtheme\"></span>\r\n\r\n{v:site_desc}</td>\r\n</tr>\r\n\r\n<tr>\r\n<td style=\"vertical-align:bottom\">\r\n\r\n<div class=\"navtop\">\r\n\r\n<a class=\"on\" href=\"{href:home}\">{v:site_name}</a>\r\n\r\n{url:dict}\r\n\r\n{v:nav_top}\r\n\r\n</div>\r\n\r\n</td>\r\n</tr>\r\n</tbody>\r\n</table>\r\n\r\n\r\n<div class=\"box-search\">\r\n<div class=\"inlinetable\">\r\n\r\n<form accept-charset=\"utf-8\" action=\"{v:form_action}\" enctype=\"application/x-www-form-urlencoded\" id=\"gw\" method=\"get\" style=\"margin:0\">\r\n\r\n<table border=\"0\" cellpadding=\"1\" cellspacing=\"0\" width=\"100%\">\r\n<tbody>\r\n<tr>\r\n\r\n<td>{v:select_dict}</td>\r\n\r\n<td style=\"width:50%\">\r\n<input class=\"input\" id=\"gwq\" maxlength=\"128\" name=\"q\" size=\"28\" style=\"width:98%\" value=\"{v:q}\" />\r\n</td>\r\n\r\n<td style=\"width:1%\">{v:keyboard}</td>\r\n\r\n<td style=\"width:5%\"><input alt=\"{l:search_submit}\" class=\"submitok\" name=\"search\" type=\"submit\" value=\"{l:search_submit}\" /></td>\r\n\r\n</tr>\r\n</tbody>\r\n</table>\r\n\r\n<div>\r\n<input name=\"srch[adv]\" type=\"hidden\" value=\"all\" />\r\n<input name=\"srch[by]\" type=\"hidden\" value=\"d\" />\r\n<input name=\"srch[in]\" type=\"hidden\" value=\"-1\" />\r\n<input name=\"a\" type=\"hidden\" value=\"srch\" />\r\n<input name=\"{v:sid_name}\" type=\"hidden\" value=\"{v:sid}\" />\r\n{v:input_url_append}\r\n</div>\r\n\r\n</form>\r\n\r\n</div>\r\n</div>\r\n\r\n{block:google_ads}\r\n\r\n<div class=\"box\">\r\n<div class=\"inlinetable\">\r\n\r\n\r\n<table border=\"0\" cellpadding=\"0\" cellspacing=\"0\" width=\"100%\">\r\n<tbody>\r\n<tr>\r\n<td style=\"width:50%;vertical-align:top;text-align:{v:css_align_left}\">\r\n\r\n<!-- Recently updated dictionaries -->\r\n{block:dict_updated}\r\n\r\n<div class=\"hr5\"></div>\r\n<br />\r\n\r\n\r\n<!-- Catalog of dictionaries -->\r\n{block:catalog}\r\n\r\n<div class=\"xq gray\">{l:legend_updated}</div>\r\n<div class=\"xq gray\">{l:legend_new}</div>\r\n\r\n</td>\r\n<td style=\"vertical-align:top\">\r\n\r\n\r\n<!-- Recently updated terms -->\r\n{block:term_updated} \r\n\r\n\r\n</td>\r\n</tr>\r\n</tbody>\r\n</table>\r\n\r\n\r\n<!-- Search glossword.info -->\r\n{block:gwsearch1}\r\n\r\n</div></div>','',''),(132,'gw\\_brand',1364426003,0,'tpl\\_footer\\_index','<!-- footer -->\r\n\r\n<div class=\"hr5\"></div>\r\n\r\n<table border=\"0\" cellpadding=\"5\" cellspacing=\"0\" style=\"background:{color_3}\" width=\"100%\">\r\n<tbody>\r\n<tr class=\"gray\">\r\n<td style=\"width:30%\">&#160;</td>\r\n<td class=\"xt\" style=\"text-align:center\">{v:nav_bottom}</td>\r\n<td class=\"xq\" style=\"width:30%;text-align:{v:css_align_right}\">\r\n\r\n<img alt=\"\" height=\"16\" src=\"{v:path_css}/16_icon_totop.png\" style=\"vertical-align:bottom\" width=\"16\" /><a href=\"#\" onclick=\"scroll(0,0);return false\"><strong>{l:top_of_page}</strong></a>\r\n\r\n</td>\r\n</tr>\r\n</tbody>\r\n</table>\r\n\r\n<div class=\"hr5\"></div>\r\n\r\n<table border=\"0\" cellpadding=\"10\" cellspacing=\"0\" class=\"bgbottom\" width=\"100%\">\r\n<tbody>\r\n<tr class=\"xq gray\" style=\"vertical-align:middle\">\r\n<td style=\"width:35%;text-align:{v:css_align_left}\">&#169; 2008 {url:mailto_contact_name}</td>\r\n<td style=\"text-align:center\">\r\n\r\n<!-- custom_vars.php -->\r\n<a href=\"#\" onclick=\"nw(\'{href:valid_xhtml}\');return false\">XHTML</a> |\r\n<a href=\"#\" onclick=\"nw(\'{href:valid_css}\');return false\">CSS</a>\r\n{block:counter_links}\r\n\r\n</td>\r\n<!-- I request you to retain the copyright notice! -->\r\n<td style=\"width:35%;text-align:{v:css_align_right}\">{v:copyright}{v:glossword_version}</td>\r\n</tr>\r\n</tbody>\r\n</table>\r\n\r\n</div>\r\n\r\n\r\n<script type=\"text/javascript\">/*<![CDATA[*/ \r\ngwJS.Put(\'str_select_il\', \'{v:select_lang}\');\r\ngwJS.Put(\'str_select_visualtheme\', \'{v:select_visualtheme}\');\r\n/*]]>*/</script>\r\n\r\n{v:javascripts}\r\n{v:debug}\r\n\r\n</body></html>','',''),(133,'gw\\_brand',1364426003,1364426140,'tpl\\_search\\_form','<div class=\"{v:visualtheme}\">\r\n\r\n<table border=\"0\" cellpadding=\"0\" cellspacing=\"0\" class=\"bgtop\" width=\"100%\">\r\n<tbody>\r\n<tr>\r\n<td class=\"gw-logo\" rowspan=\"2\">\r\n\r\n<a class=\"plain\" href=\"{href:home}\" id=\"gw-logo\"><img alt=\"{l:main_page}\" height=\"48\" src=\"{v:path_css}/logo.png\" width=\"48\" /></a>\r\n\r\n</td>\r\n<td class=\"xt gray\" style=\"padding-top:0.7em\">\r\n\r\n<span id=\"place-il\"></span>\r\n<span id=\"place-visualtheme\"></span>\r\n\r\n{v:site_desc}</td>\r\n</tr>\r\n\r\n<tr>\r\n<td style=\"vertical-align:bottom\">\r\n\r\n<div class=\"navtop\">\r\n\r\n{url:site_name}\r\n\r\n{url:dict}\r\n\r\n{v:nav_top}\r\n\r\n</div>\r\n\r\n</td>\r\n</tr>\r\n</tbody>\r\n</table>\r\n\r\n\r\n<div class=\"box-search\"><div class=\"inlinetable\">\r\n\r\n<form accept-charset=\"utf-8\" action=\"{v:form_action}\" enctype=\"application/x-www-form-urlencoded\" id=\"gw\" method=\"get\" style=\"margin:0\">\r\n\r\n<table border=\"0\" cellpadding=\"1\" cellspacing=\"0\" width=\"100%\">\r\n<tbody>\r\n<tr>\r\n\r\n<td>{v:select_dict}</td>\r\n\r\n<td style=\"width:50%\">\r\n<input class=\"input\" id=\"gwq\" maxlength=\"128\" name=\"q\" size=\"28\" style=\"width:98%\" value=\"{v:q}\" />\r\n</td>\r\n\r\n<td style=\"width:1%\">{v:keyboard}</td>\r\n<td style=\"width:5%\"><input alt=\"{l:search_submit}\" class=\"submitok\" name=\"search\" type=\"submit\" value=\"{l:search_submit}\" /></td>\r\n\r\n</tr>\r\n</tbody>\r\n</table>\r\n\r\n<div>\r\n<input name=\"srch[adv]\" type=\"hidden\" value=\"all\" />\r\n<input name=\"srch[by]\" type=\"hidden\" value=\"d\" />\r\n<input name=\"srch[in]\" type=\"hidden\" value=\"-1\" />\r\n<input name=\"a\" type=\"hidden\" value=\"srch\" />\r\n<input name=\"{v:sid_name}\" type=\"hidden\" value=\"{v:sid}\" />\r\n{v:input_url_append}\r\n</div>\r\n\r\n</form>\r\n\r\n</div></div>\r\n\r\n{block:google_ads}','<div class=\"<?php $this->\\_e(\"GW::4263539765\");?>\">\r\n\r\n<table border=\"0\" cellpadding=\"0\" cellspacing=\"0\" class=\"bgtop\" width=\"100\\%\">\r\n<tbody>\r\n<tr>\r\n<td class=\"gw-logo\" rowspan=\"2\">\r\n\r\n<a class=\"plain\" href=\"<?php $this->\\_e(\"GW::1407671569\");?>\" id=\"gw-logo\"><img alt=\"<?php $this->\\_e(\"GW::1546139406\");?>\" height=\"48\" src=\"<?php $this->\\_e(\"GW::256053825\");?>/logo.png\" width=\"48\" /></a>\r\n\r\n</td>\r\n<td class=\"xt gray\" style=\"padding-top:0.7em\">\r\n\r\n<span id=\"place-il\"></span>\r\n<span id=\"place-visualtheme\"></span>\r\n\r\n<?php $this->\\_e(\"GW::3571924654\");?></td>\r\n</tr>\r\n\r\n<tr>\r\n<td style=\"vertical-align:bottom\">\r\n\r\n<div class=\"navtop\">\r\n\r\n<?php $this->\\_e(\"GW::3329316641\");?>\r\n\r\n<?php $this->\\_e(\"GW::2218324771\");?>\r\n\r\n<?php $this->\\_e(\"GW::1845020224\");?>\r\n\r\n</div>\r\n\r\n</td>\r\n</tr>\r\n</tbody>\r\n</table>\r\n\r\n\r\n<div class=\"box-search\"><div class=\"inlinetable\">\r\n\r\n<form accept-charset=\"utf-8\" action=\"<?php $this->\\_e(\"GW::3319714414\");?>\" enctype=\"application/x-www-form-urlencoded\" id=\"gw\" method=\"get\" style=\"margin:0\">\r\n\r\n<table border=\"0\" cellpadding=\"1\" cellspacing=\"0\" width=\"100\\%\">\r\n<tbody>\r\n<tr>\r\n\r\n<td><?php $this->\\_e(\"GW::3816636440\");?></td>\r\n\r\n<td style=\"width:50\\%\">\r\n<input class=\"input\" id=\"gwq\" maxlength=\"128\" name=\"q\" size=\"28\" style=\"width:98\\%\" value=\"<?php $this->\\_e(\"GW::2912309795\");?>\" />\r\n</td>\r\n\r\n<td style=\"width:1\\%\"><?php $this->\\_e(\"GW::1167362073\");?></td>\r\n<td style=\"width:5\\%\"><input alt=\"<?php $this->\\_e(\"GW::1079962385\");?>\" class=\"submitok\" name=\"search\" type=\"submit\" value=\"<?php $this->\\_e(\"GW::1079962385\");?>\" /></td>\r\n\r\n</tr>\r\n</tbody>\r\n</table>\r\n\r\n<div>\r\n<input name=\"srch[adv]\" type=\"hidden\" value=\"all\" />\r\n<input name=\"srch[by]\" type=\"hidden\" value=\"d\" />\r\n<input name=\"srch[in]\" type=\"hidden\" value=\"-1\" />\r\n<input name=\"a\" type=\"hidden\" value=\"srch\" />\r\n<input name=\"<?php $this->\\_e(\"GW::3379756268\");?>\" type=\"hidden\" value=\"<?php $this->\\_e(\"GW::2272352529\");?>\" />\r\n<?php $this->\\_e(\"GW::1393319168\");?>\r\n</div>\r\n\r\n</form>\r\n\r\n</div></div>\r\n\r\n<?php $this->\\_e(\"GW::1692258237\");?>','<?php\r\n$template\\_timestamp = 1364426140;\r\n?>'),(134,'gw\\_brand',1364426003,1364426140,'tpl\\_az','<div class=\"az\">{v:az}</div>','<div class=\"az\"><?php $this->\\_e(\"GW::2329576158\");?></div>','<?php\r\n$template\\_timestamp = 1364426140;\r\n?>'),(135,'gw\\_brand',1364426003,0,'tpl\\_dict','<div class=\"inlinetable\" style=\"text-align:{v:css_align_left};background:{color_white}\">\r\n\r\n<div class=\"hr5\"></div>\r\n\r\n<table border=\"0\" cellpadding=\"15\" cellspacing=\"0\" width=\"100%\">\r\n<tr>\r\n<td style=\"width:40%;vertical-align:top\">\r\n\r\n<div class=\"xu\">\r\n\r\n{v:dict_descr}\r\n\r\n<dl>\r\n<dt><span class=\"gray\">{l:dict_terms}:</span> <strong>{v:dict_terms}</strong></dt>\r\n<dt><span class=\"gray\">{l:pages}:</span> <strong>{v:browse_pages}</strong></dt>\r\n<dt><strong>{v:dict_contents}</strong></dt>\r\n<dt>{v:dict_date_modified}</dt>\r\n<dt>{v:dict_editors}</dt>\r\n</dl>\r\n\r\n</div>\r\n\r\n{v:terms_recent}\r\n\r\n</td>\r\n</tr>\r\n</table>\r\n\r\n</div>','',''),(136,'gw\\_brand',1364426003,1364426140,'tpl\\_aazz','<div class=\"aazz\">{v:aazz}</div>','<div class=\"aazz\"><?php $this->\\_e(\"GW::682088311\");?></div>','<?php\r\n$template\\_timestamp = 1364426140;\r\n?>'),(137,'gw\\_brand',1364426003,1364426140,'tpl\\_aaazzz','{v:}','<?php $this->\\_e(\"GW::4272952637\");?>','<?php\r\n$template\\_timestamp = 1364426140;\r\n?>'),(138,'gw\\_brand',1364426003,1364426140,'tpl\\_term\\_list','<div class=\"box\"><div class=\"inlinetable\">\r\n\r\n<table border=\"0\" cellpadding=\"0\" cellspacing=\"4\" width=\"100%\">\r\n<tbody>\r\n<tr class=\"gray\">\r\n<td class=\"xq\" style=\"width:20%;text-align:{v:css_align_left}\">{l:terms_on_page}: {v:terms_on_page}</td>\r\n\r\n<td class=\"center xt\">\r\n<div class=\"navpages\">{l:pages}&#160;{v:nav_pages}</div>\r\n</td>\r\n\r\n<td class=\"xq\" style=\"width:20%;text-align:{v:css_align_right}\">{v:page_of_page}</td>\r\n</tr>\r\n</tbody>\r\n</table>\r\n\r\n<!-- Layout for one column -->\r\n{d if:one_column}\r\n\r\n<dl class=\"termlist\">\r\n{d list_item}\r\n<dt class=\"termpreview\">{v:term}</dt>\r\n<dd class=\"defnpreview\">{v:defn}</dd>\r\n{/d}\r\n</dl>\r\n\r\n{/d}\r\n\r\n<!-- Layout for several columns (see `tpl_cells_term\') -->\r\n{block:columns}\r\n\r\n\r\n<table border=\"0\" cellpadding=\"0\" cellspacing=\"4\" width=\"100%\"> \r\n<tbody> \r\n<tr class=\"gray\"> \r\n<td class=\"xq\" style=\"width:20%;text-align:{v:css_align_left}\">{v:dict_name}</td> \r\n\r\n<td class=\"center xt\"> \r\n<div class=\"navpages\">{l:pages} {v:nav_pages}</div> \r\n</td> \r\n\r\n<td class=\"xq\" style=\"width:20%;text-align:{v:css_align_right}\">{v:site_name}</td> \r\n</tr> \r\n</tbody> \r\n</table>\r\n\r\n\r\n</div></div>','<div class=\"box\"><div class=\"inlinetable\">\r\n\r\n<table border=\"0\" cellpadding=\"0\" cellspacing=\"4\" width=\"100\\%\">\r\n<tbody>\r\n<tr class=\"gray\">\r\n<td class=\"xq\" style=\"width:20\\%;text-align:<?php $this->\\_e(\"GW::1387091824\");?>\"><?php $this->\\_e(\"GW::1681352013\");?>: <?php $this->\\_e(\"GW::1197115156\");?></td>\r\n\r\n<td class=\"center xt\">\r\n<div class=\"navpages\"><?php $this->\\_e(\"GW::2462961484\");?>&#160;<?php $this->\\_e(\"GW::504859877\");?></div>\r\n</td>\r\n\r\n<td class=\"xq\" style=\"width:20\\%;text-align:<?php $this->\\_e(\"GW::2811111410\");?>\"><?php $this->\\_e(\"GW::3468106196\");?></td>\r\n</tr>\r\n</tbody>\r\n</table>\r\n\r\n<!-- Layout for one column -->\r\n<?php while ($this->\\_dRun(\"GW::3203553491\")) : ?>\r\n\r\n\r\n<dl class=\"termlist\">\r\n<?php while ($this->\\_dRun(\"GW::1523972855\")) : ?>\r\n\r\n<dt class=\"termpreview\"><?php $this->\\_e(\"GW::56874953\");?></dt>\r\n<dd class=\"defnpreview\"><?php $this->\\_e(\"GW::3839690425\");?></dd>\r\n<?php $this->\\_dEndHook(); endwhile; ?>\r\n\r\n</dl>\r\n\r\n<?php $this->\\_dEndHook(); endwhile; ?>\r\n\r\n\r\n<!-- Layout for several columns (see `tpl\\_cells\\_term\') -->\r\n<?php $this->\\_e(\"GW::1323735702\");?>\r\n\r\n\r\n<table border=\"0\" cellpadding=\"0\" cellspacing=\"4\" width=\"100\\%\"> \r\n<tbody> \r\n<tr class=\"gray\"> \r\n<td class=\"xq\" style=\"width:20\\%;text-align:<?php $this->\\_e(\"GW::1387091824\");?>\"><?php $this->\\_e(\"GW::589541434\");?></td> \r\n\r\n<td class=\"center xt\"> \r\n<div class=\"navpages\"><?php $this->\\_e(\"GW::2462961484\");?> <?php $this->\\_e(\"GW::504859877\");?></div> \r\n</td> \r\n\r\n<td class=\"xq\" style=\"width:20\\%;text-align:<?php $this->\\_e(\"GW::2811111410\");?>\"><?php $this->\\_e(\"GW::2171727100\");?></td> \r\n</tr> \r\n</tbody> \r\n</table>\r\n\r\n\r\n</div></div>','<?php\r\n$template\\_timestamp = 1364426140;\r\n$arBlockI[\"GW::3203553491\"][\'childs\'][] = \"GW::1523972855\";\n$arBlockI[\"GW::1523972855\"][\'var\'][] = \"GW::56874953\";\n$arBlockI[\"GW::1523972855\"][\'var\'][] = \"GW::3839690425\";\n?>'),(139,'gw\\_brand',1364426003,0,'tpl\\_search\\_results','<table border=\"0\" cellpadding=\"10\" cellspacing=\"0\" width=\"100%\">\r\n<tbody>\r\n<tr style=\"background:{color_1};vertical-align:top\">\r\n<td style=\"text-align:{v:css_align_left}\">\r\n<div class=\"xu\">{l:found}: <strong class=\"red\">{v:q}</strong></div>\r\n\r\n<div class=\"xt gray\">\r\n{l:search_found_dict}: <strong>{v:found_total}</strong>\r\n</div>\r\n\r\n<div class=\"xu dictlist\">\r\n{d list_dict}{url:dict_url_search} \r\n<span class=\"gray\">({v:found_dict}){v:delimeter}</span>\r\n{/d}\r\n</div>\r\n\r\n\r\n<div class=\"xt center navpages\">{l:pages} {v:nav_pages}</div>\r\n\r\n\r\n<dl class=\"termlist\">\r\n{d search_item}\r\n<dt class=\"termpreview\">{v:term} {url:term_edit}</dt>\r\n<dd class=\"defnpreview\">{v:defn}</dd>\r\n{/d}\r\n</dl>\r\n\r\n\r\n<div class=\"xu\">\r\n<p>{l:reason_5}</p>\r\n<p>{l:srch_trydefn}</p>\r\n{l:1075}\r\n</div>\r\n\r\n\r\n<table border=\"0\" cellpadding=\"0\" cellspacing=\"4\" width=\"100%\"> \r\n<tbody> \r\n<tr class=\"gray\"> \r\n\r\n<td class=\"center xt\"> \r\n<div class=\"navpages\">{l:pages} {v:nav_pages}</div> \r\n</td> \r\n\r\n</tr> \r\n</tbody> \r\n</table>\r\n\r\n\r\n</td>\r\n</tr>\r\n</tbody>\r\n</table>','',''),(140,'gw\\_brand',1364426003,1364426326,'tpl\\_term','<div class=\"box\">\r\n<div class=\"inlinetable\" style=\"text-align:{v:css_align_left}\">\r\n\r\n<div class=\"page-options\">{v:term_actions}</div>\r\n\r\n\r\n<h1 class=\"term\">{v:term}</h1>\r\n\r\n{v:defn}\r\n\r\n</div></div>','<div class=\"box\">\r\n<div class=\"inlinetable\" style=\"text-align:<?php $this->\\_e(\"GW::1387091824\");?>\">\r\n\r\n<div class=\"page-options\"><?php $this->\\_e(\"GW::3008198241\");?></div>\r\n\r\n\r\n<h1 class=\"term\"><?php $this->\\_e(\"GW::56874953\");?></h1>\r\n\r\n<?php $this->\\_e(\"GW::3839690425\");?>\r\n\r\n</div></div>','<?php\r\n$template\\_timestamp = 1364426326;\r\n?>'),(141,'gw\\_brand',1364426003,0,'tpl\\_header\\_print','<?xml version=\"1.0\" encoding=\"{v:charset}\"?>\r\n<!DOCTYPE html PUBLIC \"-//W3C//DTD XHTML 1.1//EN\" \"http://www.w3.org/TR/xhtml11/DTD/xhtml11.dtd\">\r\n<html dir=\"{v:text_direction}\" xml:lang=\"{v:language}\" xmlns=\"http://www.w3.org/1999/xhtml\">\r\n<head>\r\n<title>{v:html_title} - {l:print_version}</title>\r\n<meta content=\"{v:content_type}; charset={v:charset}\" http-equiv=\"Content-Type\" />\r\n<meta name=\"generator\" content=\"Glossword version {v:glossword_version}\"  />\r\n<meta name=\"description\" content=\"{l:print_version} : {v:meta_description}\"  />\r\n<meta content=\"{v:meta_keywords}\" name=\"keywords\" />\r\n<meta content=\"noarchive\" name=\"robots\" />\r\n<link href=\"{v:server_dir}/css.php?t={v:visualtheme}&amp;dir={v:text_direction}\" rel=\"stylesheet\" type=\"text/css\" />\r\n<link href=\"{v:path_css}/style_print.css\" rel=\"stylesheet\" type=\"text/css\" />\r\n</head>\r\n<body>\r\n{block:counter_images}','',''),(142,'gw\\_brand',1364426003,0,'tpl\\_search\\_form\\_print','<div class=\"{v:visualtheme}\">\r\n\r\n\r\n<table border=\"0\" cellpadding=\"2\" cellspacing=\"0\" width=\"100%\">\r\n<tbody>\r\n<tr>\r\n<td class=\"xt\" style=\"width:20%\">{url:site_name}</td>\r\n<td style=\"width:80%\">\r\n    <span class=\"xr\">{url:dict_name}</span>\r\n</td>\r\n</tr>\r\n\r\n<tr class=\"xq\">\r\n<td style=\"vertical-align:top;text-align:{v:css_align_right}\">{l:dict_url}</td>\r\n<td>{url:dict_url}</td>\r\n</tr>\r\n\r\n<tr class=\"xq\">\r\n<td style=\"vertical-align:top;text-align:{v:css_align_right}\">{l:term_url}</td>\r\n<td>{url:term_url}</td>\r\n</tr>\r\n\r\n</tbody>\r\n</table>\r\n\r\n<div class=\"hr2\"></div>','',''),(143,'gw\\_brand',1364426003,0,'tpl\\_term\\_print','<div style=\"margin:0; padding:2em; width:auto\">\r\n\r\n<span class=\"term\" style=\"text-align:{v:css_align_left}\">{v:term}</span>\r\n\r\n{v:defn}\r\n\r\n</div>','',''),(144,'gw\\_brand',1364426003,0,'tpl\\_footer\\_print','<div class=\"hr2\"></div>\r\n\r\n<table border=\"0\" cellpadding=\"5\" cellspacing=\"0\" width=\"100%\">\r\n<tbody>\r\n\r\n<tr style=\"vertical-align:middle\">\r\n<td class=\"xt\" style=\"width:35%;text-align:{v:css_align_left}\"><p>&#169; 2008 {url:mailto_contact_name}</p></td>\r\n\r\n<td class=\"center\"><button class=\"non-print\" onclick=\"print(); return false\">{l:1379}</button></td>\r\n\r\n<td class=\"xt\" style=\"width:35%;text-align:{v:css_align_right}\">{v:copyright}</td>\r\n</tr>\r\n\r\n</tbody>\r\n</table>\r\n\r\n</div>\r\n\r\n</body>\r\n</html>','',''),(145,'gw\\_brand',1364426003,0,'tpl\\_custom\\_page','<div class=\"box\"><div class=\"inlinetable\">\r\n\r\n<!-- {block:page_descr} -->\r\n{block:page_content}\r\n\r\n</div></div>','',''),(146,'gw\\_brand',1364426003,1364426140,'tpl\\_header','<?xml version=\"1.0\" encoding=\"{v:charset}\"?>\r\n<!DOCTYPE html PUBLIC \"-//W3C//DTD XHTML 1.1//EN\" \"http://www.w3.org/TR/xhtml11/DTD/xhtml11.dtd\">\r\n<html dir=\"{v:text_direction}\" xml:lang=\"{v:language}\" xmlns=\"http://www.w3.org/1999/xhtml\">\r\n<head>\r\n<title>{v:html_title}</title>\r\n<meta content=\"{v:content_type}; charset={v:charset}\" http-equiv=\"Content-Type\" />\r\n{meta:generator} \r\n{meta:robots} \r\n<meta content=\"{v:meta_description}\" name=\"description\" />\r\n<meta content=\"{v:meta_keywords}\" name=\"keywords\" />\r\n<link href=\"{v:server_dir}/favicon.ico\" rel=\"shortcut icon\" />\r\n<link href=\"{v:path_css_script}/css.php?t={v:visualtheme}&amp;dir={v:text_direction}\" rel=\"stylesheet\" type=\"text/css\" />\r\n<link href=\"{v:server_url}/{v:path_temp}/opensearch.xml\" rel=\"search\" title=\"{v:site_name}\" type=\"application/opensearchdescription+xml\" />\r\n<script src=\"{v:path_tpl}/scripts.js\" type=\"text/javascript\"></script> \r\n<script src=\"{v:path_css}/scripts.js\" type=\"text/javascript\"></script>\r\n</head>\r\n<body>\r\n{block:counter_images}','<?php echo \"<\",\"?xml\"; ?> version=\"1.0\" encoding=\"<?php $this->\\_e(\"GW::1400238127\");?>\"?>\r\n<!DOCTYPE html PUBLIC \"-//W3C//DTD XHTML 1.1//EN\" \"http://www.w3.org/TR/xhtml11/DTD/xhtml11.dtd\">\r\n<html dir=\"<?php $this->\\_e(\"GW::3608860383\");?>\" xml:lang=\"<?php $this->\\_e(\"GW::305887545\");?>\" xmlns=\"http://www.w3.org/1999/xhtml\">\r\n<head>\r\n<title><?php $this->\\_e(\"GW::36471057\");?></title>\r\n<meta content=\"<?php $this->\\_e(\"GW::3294197438\");?>; charset=<?php $this->\\_e(\"GW::1400238127\");?>\" http-equiv=\"Content-Type\" />\r\n<?php $this->\\_e(\"GW::471884196\");?> \r\n<?php $this->\\_e(\"GW::2003242672\");?> \r\n<meta content=\"<?php $this->\\_e(\"GW::2185866458\");?>\" name=\"description\" />\r\n<meta content=\"<?php $this->\\_e(\"GW::1643288577\");?>\" name=\"keywords\" />\r\n<link href=\"<?php $this->\\_e(\"GW::495970783\");?>/favicon.ico\" rel=\"shortcut icon\" />\r\n<link href=\"<?php $this->\\_e(\"GW::249597739\");?>/css.php?t=<?php $this->\\_e(\"GW::4263539765\");?>&amp;dir=<?php $this->\\_e(\"GW::3608860383\");?>\" rel=\"stylesheet\" type=\"text/css\" />\r\n<link href=\"<?php $this->\\_e(\"GW::1397937761\");?>/<?php $this->\\_e(\"GW::2197234590\");?>/opensearch.xml\" rel=\"search\" title=\"<?php $this->\\_e(\"GW::2171727100\");?>\" type=\"application/opensearchdescription+xml\" />\r\n<script src=\"<?php $this->\\_e(\"GW::2953836930\");?>/scripts.js\" type=\"text/javascript\"></script> \r\n<script src=\"<?php $this->\\_e(\"GW::256053825\");?>/scripts.js\" type=\"text/javascript\"></script>\r\n</head>\r\n<body>\r\n<?php $this->\\_e(\"GW::2092208696\");?>','<?php\r\n$template\\_timestamp = 1364426140;\r\n?>'),(147,'gw\\_brand',1364426003,0,'tpl\\_search\\_form\\_custom','<div class=\"{v:visualtheme}\">\r\n\r\n<table border=\"0\" cellpadding=\"0\" cellspacing=\"0\" class=\"bgtop\" width=\"100%\">\r\n<tbody>\r\n<tr>\r\n<td class=\"gw-logo\" rowspan=\"2\">\r\n\r\n<a class=\"plain\" href=\"{href:home}\" id=\"gw-logo\"><img alt=\"{l:main_page}\" height=\"48\" src=\"{v:path_css}/logo.png\" width=\"48\" /></a>\r\n\r\n</td>\r\n<td class=\"xt gray\" style=\"padding-top:0.7em\">\r\n\r\n<span id=\"place-il\"></span>\r\n<span id=\"place-visualtheme\"></span>\r\n\r\n{v:site_desc}</td>\r\n</tr>\r\n\r\n<tr>\r\n<td style=\"vertical-align:bottom\">\r\n\r\n<div class=\"navtop\">\r\n\r\n{url:site_name}\r\n\r\n{url:dict}\r\n\r\n{v:nav_top}\r\n\r\n</div>\r\n\r\n</td>\r\n</tr>\r\n</tbody>\r\n</table>\r\n\r\n\r\n<div class=\"box-search\"><div class=\"inlinetable\">\r\n\r\n<form accept-charset=\"utf-8\" action=\"{v:form_action}\" enctype=\"application/x-www-form-urlencoded\" id=\"gw\" method=\"get\" style=\"margin:0\">\r\n\r\n<table border=\"0\" cellpadding=\"1\" cellspacing=\"0\" width=\"100%\">\r\n<tbody>\r\n<tr>\r\n\r\n<td>{v:select_dict}</td>\r\n\r\n<td style=\"width:50%\">\r\n<input class=\"input\" id=\"gwq\" maxlength=\"128\" name=\"q\" size=\"28\" style=\"width:98%\" value=\"{v:q}\" />\r\n</td>\r\n\r\n<td style=\"width:1%\">{v:keyboard}</td>\r\n<td style=\"width:5%\"><input alt=\"{l:search_submit}\" class=\"submitok\" name=\"search\" type=\"submit\" value=\"{l:search_submit}\" /></td>\r\n\r\n</tr>\r\n</tbody>\r\n</table>\r\n\r\n<div>\r\n<input name=\"srch[adv]\" type=\"hidden\" value=\"all\" />\r\n<input name=\"srch[by]\" type=\"hidden\" value=\"d\" />\r\n<input name=\"srch[in]\" type=\"hidden\" value=\"-1\" />\r\n<input name=\"a\" type=\"hidden\" value=\"srch\" />\r\n<input name=\"{v:sid_name}\" type=\"hidden\" value=\"{v:sid}\" />\r\n{v:input_url_append}\r\n</div>\r\n\r\n</form>\r\n\r\n</div></div>\r\n\r\n{block:google_ads}','',''),(148,'gw\\_brand',1364426003,0,'tpl\\_user\\_profile','<div class=\"box\"><div class=\"inlinetable\">\r\n<table border=\"0\" cellpadding=\"5\" cellspacing=\"0\" width=\"100%\">\r\n<tbody>\r\n<tr style=\"vertical-align:top\">\r\n<td style=\"width:25%;text-align:{v:css_align_right};border-right:5px {color_4} solid\"> {v:avatar_img} </td>\r\n<td class=\"xu\"> {block:user_contact} </td>\r\n</tr>\r\n</tbody>\r\n</table>\r\n</div></div>','',''),(149,'gw\\_brand',1364426003,1364426140,'tpl\\_footer','<!-- footer -->\r\n\r\n<div class=\"hr5\"></div>\r\n\r\n<table border=\"0\" cellpadding=\"5\" cellspacing=\"0\" style=\"background:{color_3}\" width=\"100%\">\r\n<tbody>\r\n<tr class=\"gray\" style=\"vertical-align:middle\">\r\n<td class=\"xq\" style=\"width:25%;text-align:{v:css_align_left}\">\r\n\r\n<img alt=\"\" height=\"16\" src=\"{v:path_css}/16_icon_toleft.png\" style=\"vertical-align:bottom\" width=\"16\" /><a href=\"{href:home}\"><strong>{l:main_page}</strong></a>\r\n\r\n</td>\r\n<td class=\"xt\" style=\"text-align:center\">{v:nav_bottom}</td>\r\n<td class=\"xq\" style=\"width:25%;text-align:{v:css_align_right}\">\r\n\r\n<img alt=\"\" height=\"16\" src=\"{v:path_css}/16_icon_totop.png\" style=\"vertical-align:bottom\" width=\"16\" /><a href=\"#\" onclick=\"scroll(0,0);return false\"><strong>{l:top_of_page}</strong></a>\r\n\r\n</td>\r\n</tr>\r\n</tbody>\r\n</table>\r\n\r\n<div class=\"hr5\"></div>\r\n\r\n<table border=\"0\" cellpadding=\"10\" cellspacing=\"0\" class=\"bgbottom\" width=\"100%\">\r\n<tbody>\r\n<tr class=\"gray xq\" style=\"vertical-align:middle\">\r\n<td style=\"width:30%;text-align:{v:css_align_left}\">&#169; 2008 {url:mailto_contact_name}</td>\r\n<td style=\"text-align:center\">\r\n\r\n<!-- custom_vars.php -->\r\n<a href=\"#\" onclick=\"nw(\'{href:valid_xhtml}\');return false\">XHTML</a> |\r\n<a href=\"#\" onclick=\"nw(\'{href:valid_css}\');return false\">CSS</a>\r\n{block:counter_links}\r\n\r\n</td>\r\n<!-- I request you to retain the copyright notice! -->\r\n<td style=\"width:30%;text-align:{v:css_align_right}\">{v:copyright}{v:glossword_version}</td>\r\n</tr>\r\n</tbody>\r\n</table>\r\n\r\n<!-- /visualtheme -->\r\n</div>\r\n\r\n<script type=\"text/javascript\">/*<![CDATA[*/ \r\ngwJS.Put(\'str_select_il\', \'{v:select_lang}\'); \r\ngwJS.Put(\'str_select_visualtheme\', \'{v:select_visualtheme}\'); \r\n/*]]>*/</script> \r\n\r\n{v:javascripts}\r\n{v:debug}\r\n\r\n</body></html>','<!-- footer -->\r\n\r\n<div class=\"hr5\"></div>\r\n\r\n<table border=\"0\" cellpadding=\"5\" cellspacing=\"0\" style=\"background:<?php $this->\\_e(\"GW::881972515\");?>\" width=\"100\\%\">\r\n<tbody>\r\n<tr class=\"gray\" style=\"vertical-align:middle\">\r\n<td class=\"xq\" style=\"width:25\\%;text-align:<?php $this->\\_e(\"GW::1387091824\");?>\">\r\n\r\n<img alt=\"\" height=\"16\" src=\"<?php $this->\\_e(\"GW::256053825\");?>/16\\_icon\\_toleft.png\" style=\"vertical-align:bottom\" width=\"16\" /><a href=\"<?php $this->\\_e(\"GW::1407671569\");?>\"><strong><?php $this->\\_e(\"GW::1546139406\");?></strong></a>\r\n\r\n</td>\r\n<td class=\"xt\" style=\"text-align:center\"><?php $this->\\_e(\"GW::2037285513\");?></td>\r\n<td class=\"xq\" style=\"width:25\\%;text-align:<?php $this->\\_e(\"GW::2811111410\");?>\">\r\n\r\n<img alt=\"\" height=\"16\" src=\"<?php $this->\\_e(\"GW::256053825\");?>/16\\_icon\\_totop.png\" style=\"vertical-align:bottom\" width=\"16\" /><a href=\"#\" onclick=\"scroll(0,0);return false\"><strong><?php $this->\\_e(\"GW::1540310556\");?></strong></a>\r\n\r\n</td>\r\n</tr>\r\n</tbody>\r\n</table>\r\n\r\n<div class=\"hr5\"></div>\r\n\r\n<table border=\"0\" cellpadding=\"10\" cellspacing=\"0\" class=\"bgbottom\" width=\"100\\%\">\r\n<tbody>\r\n<tr class=\"gray xq\" style=\"vertical-align:middle\">\r\n<td style=\"width:30\\%;text-align:<?php $this->\\_e(\"GW::1387091824\");?>\">&#169; 2008 <?php $this->\\_e(\"GW::2117948730\");?></td>\r\n<td style=\"text-align:center\">\r\n\r\n<!-- custom\\_vars.php -->\r\n<a href=\"#\" onclick=\"nw(\'<?php $this->\\_e(\"GW::2142923007\");?>\');return false\">XHTML</a> |\r\n<a href=\"#\" onclick=\"nw(\'<?php $this->\\_e(\"GW::1200662351\");?>\');return false\">CSS</a>\r\n<?php $this->\\_e(\"GW::1940413148\");?>\r\n\r\n</td>\r\n<!-- I request you to retain the copyright notice! -->\r\n<td style=\"width:30\\%;text-align:<?php $this->\\_e(\"GW::2811111410\");?>\"><?php $this->\\_e(\"GW::3695786736\");?><?php $this->\\_e(\"GW::3662894354\");?></td>\r\n</tr>\r\n</tbody>\r\n</table>\r\n\r\n<!-- /visualtheme -->\r\n</div>\r\n\r\n<script type=\"text/javascript\">/*<![CDATA[*/ \r\ngwJS.Put(\'str\\_select\\_il\', \'<?php $this->\\_e(\"GW::432670428\");?>\'); \r\ngwJS.Put(\'str\\_select\\_visualtheme\', \'<?php $this->\\_e(\"GW::2531093139\");?>\'); \r\n/*]]>*/</script> \r\n\r\n<?php $this->\\_e(\"GW::3098527862\");?>\r\n<?php $this->\\_e(\"GW::498249246\");?>\r\n\r\n</body></html>','<?php\r\n$template\\_timestamp = 1364426140;\r\n?>'),(150,'gw\\_brand',1364426003,0,'tpl\\_smallblock','<h3 style=\"{v:head-text-align}\">{v:head-title}</h3>\r\n\r\n<table border=\"0\" cellpadding=\"6\" cellspacing=\"0\" width=\"100%\">\r\n<tbody>\r\n<tr>\r\n<td {v:head-attr}>{v:head-content}</td>\r\n</tr>\r\n</tbody>\r\n</table>','',''),(151,'gw\\_brand',1364426003,0,'tpl\\_cells\\_term','<table border=\"{v:cells_border}\" cellpadding=\"{v:cells_padding}\" cellspacing=\"{v:cells_spacing}\" class=\"{v:cells_class}\" width=\"100%\">\r\n<tbody>\r\n{d cells_tr}\r\n    <tr {cells_tr:attr}>\r\n    {d cells_td}\r\n    <td {cells_td:attr}>\r\n        {d if:td}\r\n\r\n<dl class=\"termlist\">\r\n<dt class=\"termpreview\">{v:term}</dt>\r\n<dd class=\"defnpreview\">{v:defn}</dd>\r\n</dl> \r\n\r\n        {/d}\r\n    </td>\r\n    {/d}\r\n    </tr>\r\n{/d}\r\n</tbody>\r\n</table>\r\n\r\n<br />','',''),(152,'gw\\_brand',1364426003,0,'tpl\\_custom\\_pages\\_list','<dl class=\"termlist\">\r\n{d list_custom_pages}\r\n<dt class=\"termpreview\">{url:page_title}</dt>\r\n<dd class=\"defnpreview\">{page_descr}</dd>\r\n{/d}\r\n</dl>','',''),(153,'gw\\_silver',1364426003,0,'color\\_1','#FFF','',''),(154,'gw\\_silver',1364426003,0,'color\\_2','#F9FAF8','',''),(155,'gw\\_silver',1364426003,0,'color\\_3','#EDF2FD','',''),(156,'gw\\_silver',1364426003,0,'color\\_4','#CEDBF0','',''),(157,'gw\\_silver',1364426003,0,'color\\_5','#BCC8E2','',''),(158,'gw\\_silver',1364426003,0,'color\\_6','#88A2D9','',''),(159,'gw\\_silver',1364426003,0,'color\\_7','#8E9AB4','',''),(160,'gw\\_silver',1364426003,0,'color\\_white','#FFF','',''),(161,'gw\\_silver',1364426003,0,'color\\_black','#000','',''),(162,'gw\\_silver',1364426003,0,'color\\_a\\_link','#36C','',''),(163,'gw\\_silver',1364426003,0,'color\\_a\\_visited','#36C','',''),(164,'gw\\_silver',1364426003,0,'color\\_a\\_hover','#D60','',''),(165,'gw\\_silver',1364426003,0,'color\\_a\\_active','#FFE547','',''),(166,'gw\\_silver',1364426003,0,'columns','1','',''),(167,'gw\\_silver',1364426003,0,'str\\_nav\\_prepend','<span class=\"nobr\">','',''),(168,'gw\\_silver',1364426003,0,'str\\_nav\\_split','</span> &#160; <span class=\"nobr\">','',''),(169,'gw\\_silver',1364426003,0,'str\\_nav\\_append','</span>','',''),(170,'gw\\_silver',1364426003,0,'str\\_navb\\_prepend','&#32;','',''),(171,'gw\\_silver',1364426003,0,'str\\_navb\\_split','&#32;|&#32;','',''),(172,'gw\\_silver',1364426003,0,'str\\_navb\\_append','','',''),(173,'gw\\_silver',1364426003,0,'prepend\\_trsp','<span class=\"trsp\">[','',''),(174,'gw\\_silver',1364426003,0,'split\\_trsp',';&#32;','',''),(175,'gw\\_silver',1364426003,0,'append\\_trsp',']</span>','',''),(176,'gw\\_silver',1364426003,0,'prepend\\_abbr','','',''),(177,'gw\\_silver',1364426003,0,'postlang\\_abbr','&#32;','',''),(178,'gw\\_silver',1364426003,0,'split\\_abbr',';&#32;','',''),(179,'gw\\_silver',1364426003,0,'append\\_abbr','<br />','',''),(180,'gw\\_silver',1364426003,0,'prepend\\_trns','','',''),(181,'gw\\_silver',1364426003,0,'postlang\\_trns','&#32;','',''),(182,'gw\\_silver',1364426003,0,'split\\_trns','<br />','',''),(183,'gw\\_silver',1364426003,0,'append\\_trns','','',''),(184,'gw\\_silver',1364426003,0,'prepend\\_see\\_syn','','',''),(185,'gw\\_silver',1364426003,0,'split\\_see\\_syn',',&#32;','',''),(186,'gw\\_silver',1364426003,0,'append\\_see\\_syn','','',''),(187,'gw\\_silver',1364426003,0,'prepend\\_abbr\\_preview','(','',''),(188,'gw\\_silver',1364426003,0,'split\\_abbr\\_preview',';&#32;','',''),(189,'gw\\_silver',1364426003,0,'append\\_abbr\\_preview',')','',''),(190,'gw\\_silver',1364426003,0,'split\\_defn','&#32;&#9674;&#32;','',''),(191,'gw\\_silver',1364426003,0,'split\\_pagenumbers','&#32;|&#32;','',''),(192,'gw\\_silver',1364426003,0,'txt\\_linkmarker','<span class=\"linkmark\">&#9654;</span>','',''),(193,'gw\\_silver',1364426003,0,'txt\\_linkmarker\\_ext','<span class=\"linkmark\">&#9655;</span>','',''),(194,'gw\\_silver',1364426003,0,'txt\\_virtual\\_keyboard','<img alt=\"\" height=\"24\" src=\"{v:path_img}/vkb2.png\" width=\"32\" />','',''),(195,'gw\\_silver',1364426003,0,'tpl\\_header\\_index','<?xml version=\"1.0\" encoding=\"{v:charset}\"?>\r\n<!DOCTYPE html PUBLIC \"-//W3C//DTD XHTML 1.1//EN\" \"http://www.w3.org/TR/xhtml11/DTD/xhtml11.dtd\">\r\n<html dir=\"{v:text_direction}\" xml:lang=\"{v:language}\" xmlns=\"http://www.w3.org/1999/xhtml\">\r\n<head>\r\n<title>{v:html_title}</title>\r\n<meta content=\"{v:content_type}; charset={v:charset}\" http-equiv=\"Content-Type\" />\r\n{meta:generator} \r\n{meta:robots} \r\n<meta content=\"{v:meta_description}\" name=\"description\" />\r\n<meta content=\"{v:meta_keywords}\" name=\"keywords\" />\r\n<link href=\"{v:server_dir}/favicon.ico\" rel=\"shortcut icon\" />\r\n<link href=\"{v:path_css_script}/css.php?t={v:visualtheme}&amp;dir={v:text_direction}\" rel=\"stylesheet\" type=\"text/css\" />\r\n<link href=\"{v:server_url}/{v:path_temp}/opensearch.xml\" rel=\"search\" title=\"{v:site_name}\" type=\"application/opensearchdescription+xml\" />\r\n<script src=\"{v:path_tpl}/scripts.js\" type=\"text/javascript\"></script> \r\n<script src=\"{v:path_css}/scripts.js\" type=\"text/javascript\"></script>\r\n</head>\r\n<body>\r\n{block:counter_images}','',''),(196,'gw\\_silver',1364426003,0,'tpl\\_index','<div class=\"{v:visualtheme}\">\r\n\r\n\r\n<table border=\"0\" cellpadding=\"10\" cellspacing=\"0\" width=\"100%\">\r\n<tbody>\r\n<tr style=\"background:#FFFFFC url(\'{v:path_css}/bg_top.gif\') repeat-x\">\r\n\r\n<!-- You may replace ‘logo.gif’ with your own graphics -->\r\n<td style=\"width:20%\"><img alt=\"\" height=\"31\" src=\"{v:path_css}/logo.gif\" width=\"120\" /></td>\r\n\r\n\r\n<td style=\"width:80%;text-align:center\">\r\n\r\n<div class=\"xw\" style=\"font-size:130%\">\r\n{v:site_name}\r\n</div>\r\n\r\n<div class=\"xu\" style=\"font-size:80%\">\r\n{v:site_descr}\r\n</div>\r\n<br />\r\n\r\n<div class=\"xt navtop center\">\r\n{v:nav_top}\r\n</div>\r\n\r\n</td>\r\n</tr>\r\n</tbody>\r\n</table>\r\n\r\n\r\n\r\n<table border=\"0\" cellpadding=\"2\" cellspacing=\"0\" width=\"100%\">\r\n<tbody>\r\n<tr style=\"vertical-align:top\">\r\n<td style=\"vertical-align:top;width:65%;background:{color_white}\">\r\n\r\n<h3>{l:catalog}</h3>\r\n\r\n<div class=\"box\">\r\n\r\n{block:catalog}\r\n\r\n<table border=\"0\" cellpadding=\"0\" cellspacing=\"0\" width=\"100%\">\r\n<tbody>\r\n<tr class=\"xt\" style=\"text-align:left\"><td>{l:legend_updated}</td></tr>\r\n<tr class=\"xt\" style=\"text-align:left\"><td>{l:legend_new}</td></tr>\r\n</tbody>\r\n</table>\r\n\r\n</div>\r\n\r\n{block:term_updated}\r\n\r\n</td>\r\n\r\n<td style=\"vertical-align:top;background:{color_2};border-left:{color_4} 2px solid\">\r\n\r\n\r\n<h3>{l:title_search}</h3>\r\n\r\n<table border=\"0\" cellpadding=\"6\" cellspacing=\"0\" width=\"100%\">\r\n<tbody><tr><td class=\"center\">\r\n\r\n<!-- search form --><div class=\"box-search\">\r\n<form accept-charset=\"utf-8\" action=\"{v:form_action}\" enctype=\"application/x-www-form-urlencoded\" id=\"gw\" method=\"get\">\r\n\r\n<table border=\"0\" cellpadding=\"0\" cellspacing=\"0\" width=\"100%\">\r\n<tr>\r\n<td colspan=\"2\" style=\"text-align:{v:css_align_right}\">\r\n\r\n<table border=\"0\" cellpadding=\"0\" cellspacing=\"0\" width=\"100%\"><tbody><tr>\r\n<td><input class=\"input\" id=\"gwq\" maxlength=\"128\" name=\"q\" onfocus=\"this.select()\" size=\"28\" type=\"text\" value=\"{v:q_rnd}\" /></td>\r\n<td style=\"width:1%\">{v:keyboard}</td> \r\n<td style=\"width:1%\"><input class=\"submitok\" name=\"post\" type=\"submit\" value=\"{l:search_submit}\" /></td>\r\n</tr></tbody></table>\r\n\r\n  <input name=\"srch[adv]\" type=\"hidden\" value=\"all\" />\r\n  <input name=\"srch[in]\" type=\"hidden\" value=\"-1\" />\r\n  <input name=\"a\" type=\"hidden\" value=\"srch\" />\r\n  <input name=\"d\" type=\"hidden\" value=\"{v:id_dict}\" />\r\n  <input name=\"{v:sid_name}\" type=\"hidden\" value=\"{v:sid}\" />\r\n  {v:input_url_append}\r\n</td>\r\n</tr>\r\n\r\n\r\n<tr>\r\n<td rowspan=\"2\" style=\"width:1%\"><input id=\"srch-by-d\" name=\"srch[by]\" value=\"d\" type=\"radio\" {v:chk_srch_by_dict}  /></td>\r\n<td class=\"xt\"><label for=\"srch-by-d\">{l:srch_dict}:</label></td>\r\n</tr>\r\n<tr>\r\n<td>{v:select_dict}</td>\r\n</tr>\r\n<tr>\r\n<td rowspan=\"2\"><input id=\"srch-by-tp\" name=\"srch[by]\" value=\"tp\" type=\"radio\" {v:chk_srch_by_topic}  /></td>\r\n<td class=\"xt\"><label for=\"srch-by-tp\">{l:srch_topic}:</label></td>\r\n</tr>\r\n<tr>\r\n<td>{v:select_topic}</td>\r\n</tr>\r\n\r\n</table>\r\n</form>\r\n</div><!-- /search form -->\r\n\r\n</td></tr></tbody></table>\r\n\r\n\r\n{block:stats}\r\n\r\n\r\n{block:dict_updated}\r\n\r\n\r\n<!-- select visual theme -->\r\n<h3>{l:visual_theme}</h3>\r\n<table border=\"0\" cellpadding=\"6\" cellspacing=\"0\" width=\"100%\">\r\n<tbody><tr><td class=\"center\">{v:select_visualtheme}</td></tr></tbody>\r\n</table>\r\n<!-- /select visual theme -->\r\n\r\n\r\n\r\n<!-- select interface language -->\r\n<h3>{l:lang}</h3>\r\n<table border=\"0\" cellpadding=\"6\" cellspacing=\"0\" width=\"100%\">\r\n<tbody><tr><td class=\"center\">{v:select_lang}</td></tr></tbody>\r\n</table>\r\n<!-- /select interface language -->\r\n\r\n\r\n</td>\r\n\r\n</tr>\r\n</tbody>\r\n</table>','',''),(197,'gw\\_silver',1364426003,0,'tpl\\_footer\\_index','<div class=\"hr4\"></div>\r\n\r\n<table border=\"0\" cellpadding=\"10\" cellspacing=\"0\" width=\"100%\">\r\n<tbody>\r\n<tr class=\"xq gray\" style=\"vertical-align:middle;background:#FCEDE0 url(\'{v:path_css}/bg_middle.gif\')\">\r\n\r\n<td style=\"text-align:left\">{v:nav_bottom}</td>\r\n\r\n<td style=\"width:20%;text-align:{v:css_align_right}\">\r\n<a href=\"#\" onclick=\"scroll(0,0);return false\"><strong>^&#160;{l:top_of_page}</strong></a>\r\n</td>\r\n\r\n</tr>\r\n</tbody>\r\n</table>\r\n\r\n<div class=\"hr5\"></div>\r\n\r\n<table border=\"0\" cellpadding=\"15\" cellspacing=\"0\" width=\"100%\">\r\n<tbody>\r\n<tr class=\"gray xq\" style=\"vertical-align:middle\">\r\n<td style=\"width:35%;text-align:{v:css_align_left}\">&#169; 2008 {url:mailto_contact_name}</td>\r\n<td style=\"text-align:center\">\r\n\r\n<!-- custom_vars.php -->\r\n<a href=\"#\" onclick=\"nw(\'{href:valid_xhtml}\');return false\">XHTML</a> |\r\n<a href=\"#\" onclick=\"nw(\'{href:valid_css}\');return false\">CSS</a>\r\n{block:counter_links}\r\n\r\n</td>\r\n<!-- I request you to retain the copyright notice! -->\r\n<td style=\"width:35%;text-align:{v:css_align_right}\">{v:copyright}</td> \r\n</tr>\r\n</tbody>\r\n</table>\r\n\r\n</div>\r\n\r\n{v:javascripts}\r\n{v:debug}\r\n\r\n</body></html>','',''),(198,'gw\\_silver',1364426003,0,'tpl\\_search\\_form','<div class=\"{v:visualtheme}\">\r\n\r\n<form accept-charset=\"{v:charset}\" action=\"{v:form_action}\" enctype=\"application/x-www-form-urlencoded\" id=\"gw\" method=\"get\">\r\n<table border=\"0\" cellpadding=\"10\" cellspacing=\"0\" width=\"100%\">\r\n<tbody>\r\n<tr style=\"background:{color_4} url(\'{v:path_css}/bg_top.gif\');\">\r\n\r\n<td style=\"width:1%\"><a href=\"{href:home}\"><img alt=\"{l:main_page}\" height=\"31\" src=\"{v:path_css}/logo.gif\" width=\"120\" /></a></td>\r\n\r\n<td>\r\n\r\n<div class=\"box-search\">\r\n<table border=\"0\" cellpadding=\"0\" cellspacing=\"0\" style=\"float:{v:css_align_right}\" width=\"70%\">\r\n<tbody>\r\n<tr>\r\n<td><input class=\"input\" id=\"gwq\" maxlength=\"128\" name=\"q\" size=\"28\" type=\"text\" value=\"{v:q}\" /></td>\r\n<td style=\"width:1%\">{v:keyboard}</td>\r\n<td style=\"width:1%\"><input class=\"submitok\" name=\"post\" type=\"submit\" value=\"{l:search_submit}\" /></td>\r\n</tr>\r\n</tbody>\r\n</table>\r\n</div>\r\n\r\n  <input name=\"srch[adv]\" type=\"hidden\" value=\"all\" />\r\n  <input name=\"srch[by]\" type=\"hidden\" value=\"d\" />\r\n  <input name=\"srch[in]\" type=\"hidden\" value=\"-1\" />\r\n  <input name=\"a\" type=\"hidden\" value=\"srch\" />\r\n  <input name=\"d\" type=\"hidden\" value=\"{v:id_dict}\" />\r\n  <input name=\"{v:sid_name}\" type=\"hidden\" value=\"{v:sid}\" />\r\n  {v:input_url_append}\r\n\r\n</td>\r\n</tr>\r\n</tbody>\r\n</table>\r\n</form>\r\n\r\n<div class=\"hr5\"></div>\r\n\r\n<table border=\"0\" cellpadding=\"10\" cellspacing=\"0\" width=\"100%\">\r\n<tbody>\r\n<tr style=\"background:{color_1} url(\'{v:path_css}/bg_middle.gif\') repeat-x\">\r\n<td class=\"xw\" style=\"width:40%\">{url:dict_name}</td>\r\n<td class=\"xt center\">\r\n\r\n<div class=\"navtop\">{v:nav_top}</div>\r\n\r\n</td>\r\n</tr>\r\n</tbody>\r\n</table>\r\n\r\n{block:google_ads}\r\n\r\n<div class=\"hr4\"></div>','',''),(199,'gw\\_silver',1364426003,0,'tpl\\_az','<div class=\"az\">{v:az}</div>','',''),(200,'gw\\_silver',1364426003,0,'tpl\\_dict','<div class=\"hr5\"></div>\r\n<div class=\"box\"><div class=\"inlinetable\">\r\n\r\n\r\n<table border=\"0\" cellpadding=\"0\" cellspacing=\"0\" width=\"100%\">\r\n<tr style=\"vertical-align:top\">\r\n<td style=\"vertical-align:top;width:50%;height:2px;background:{color_1}\">\r\n<div class=\"xu\">\r\n\r\n{v:dict_descr}\r\n\r\n</div>\r\n\r\n<div class=\"xt\">\r\n<br /><span class=\"gray\">{l:dict_terms}:</span> <strong>{v:dict_terms}</strong>\r\n<br /><span class=\"gray\">{l:pages}:</span> <strong>{v:browse_pages}</strong>\r\n<br /><strong>{v:dict_contents}</strong> \r\n<br /><strong>{url:add_term}</strong>\r\n<br />{v:dict_date_modified}\r\n<br />{v:dict_editors}\r\n</div>\r\n\r\n</td><td>\r\n\r\n{v:terms_recent}\r\n\r\n</td>\r\n</tr>\r\n</table>\r\n\r\n</div></div>','',''),(201,'gw\\_silver',1364426003,0,'tpl\\_aazz','<div class=\"aazz\" style=\"background:{color_2};border:1px solid {color_4}\">{v:aazz}</div>','',''),(202,'gw\\_silver',1364426003,0,'tpl\\_aaazzz','<div class=\"aaazzz\">{v:aaazzz}</div>','',''),(203,'gw\\_silver',1364426003,0,'tpl\\_term\\_list','<table border=\"0\" cellpadding=\"15\" cellspacing=\"0\" width=\"100%\">\r\n<tbody>\r\n<tr>\r\n<td>\r\n\r\n<table border=\"0\" cellpadding=\"0\" cellspacing=\"5\" width=\"100%\">\r\n<tbody>\r\n<tr class=\"gray\">\r\n<td class=\"xt\" style=\"width:20%;text-align:{v:css_align_left}\">{l:terms_on_page}: {v:terms_on_page}</td>\r\n<td class=\"xt center\">\r\n\r\n<div class=\"navpages\">{l:pages}&#160;{v:nav_pages}</div>\r\n\r\n</td>\r\n<td class=\"xt\" style=\"width:20%;text-align:{v:css_align_right}\">{v:page_of_page}</td>\r\n</tr>\r\n</tbody>\r\n</table>\r\n\r\n<br />\r\n\r\n<!-- Layout for one column -->\r\n{d if:one_column}\r\n\r\n<table border=\"0\" cellpadding=\"4\" cellspacing=\"1\" class=\"tbl-browse\" width=\"100%\">\r\n<tfoot>\r\n<tr>\r\n<th style=\"width:1%\"></th>\r\n<th style=\"width:29%\"></th>\r\n<th></th>\r\n</tr>\r\n</tfoot>\r\n<tbody>\r\n\r\n{d list_item}\r\n<tr style=\"background:{v:color_odd};vertical-align:top\">\r\n<td class=\"xu gray\">{v:term_number}.</td>\r\n<td class=\"termpreview\">{v:term}</td>\r\n<td class=\"defnpreview\">{v:defn}</td>\r\n</tr>\r\n{/d}\r\n\r\n</tbody>\r\n</table>\r\n{/d}\r\n\r\n\r\n<!-- Layout for several columns (see `tpl_cells_term\') -->\r\n{block:columns}\r\n\r\n</td>\r\n</tr>\r\n</tbody>\r\n</table>','',''),(204,'gw\\_silver',1364426003,0,'tpl\\_search\\_results','<table border=\"0\" cellpadding=\"10\" cellspacing=\"0\" width=\"100%\">\r\n<tbody>\r\n<tr>\r\n<td style=\"vertical-align:top;width:25%;text-align:{v:css_align_left};background:{color_2}\">\r\n\r\n	<div class=\"xt\">\r\n	{l:search_found_dict}: <strong>{v:found_total}</strong><br />\r\n	</div>\r\n\r\n	<ul class=\"dictlist\">\r\n{d list_dict} 	\r\n		<li>{url:dict_url_search} - {v:found_dict}</li>\r\n{/d}\r\n	</ul>\r\n\r\n</td>\r\n<td style=\"vertical-align:top;text-align:{v:css_align_left}\">\r\n\r\n	<table border=\"0\" cellpadding=\"0\" cellspacing=\"0\" width=\"100%\">\r\n	<tbody>\r\n	<tr style=\"vertical-align:top\">\r\n	<td style=\"text-align:{v:css_align_left}\">\r\n		<div class=\"xu\">{l:found}: <strong class=\"red\">{v:q}</strong><br />\r\n		{l:search_matches}: <strong>{v:found}</strong></div>\r\n		<div class=\"navpages xt center\">{l:pages}&#160;{v:nav_pages}</div>\r\n	</td>\r\n	</tr>\r\n	</tbody>\r\n	</table>\r\n\r\n\r\n{d search_item} \r\n<dl class=\"termlist\">\r\n<dt class=\"termpreview\">{v:term_number}. <strong>{v:term}</strong> {url:term_edit}</dt>\r\n<dd class=\"defnpreview\">{v:defn}</dd>\r\n</dl>\r\n{/d}\r\n\r\n<div class=\"xu\"><p>{l:reason_5}</p><p>{l:srch_trydefn}</p>{l:1075}</div>\r\n\r\n</td>\r\n</tr>\r\n</tbody>\r\n</table>','',''),(205,'gw\\_silver',1364426003,0,'tpl\\_term','<div class=\"box\"><div class=\"inlinetable\" style=\"text-align:{v:css_align_left}\">\r\n\r\n<h1 class=\"term\">{v:term}</h1>\r\n\r\n{v:defn}\r\n\r\n</div></div>','',''),(206,'gw\\_silver',1364426003,0,'tpl\\_header\\_print','<?xml version=\"1.0\" encoding=\"{v:charset}\"?>\r\n<!DOCTYPE html PUBLIC \"-//W3C//DTD XHTML 1.1//EN\" \"http://www.w3.org/TR/xhtml11/DTD/xhtml11.dtd\">\r\n<html dir=\"{v:text_direction}\" xml:lang=\"{v:language}\" xmlns=\"http://www.w3.org/1999/xhtml\">\r\n<head>\r\n<title>{v:html_title} - {l:print_version}</title>\r\n<meta content=\"{v:content_type}; charset={v:charset}\" http-equiv=\"Content-Type\" />\r\n<meta name=\"generator\" content=\"Glossword version {v:glossword_version}\"  />\r\n<meta name=\"description\" content=\"{l:print_version} : {v:meta_description}\"  />\r\n<meta content=\"{v:meta_keywords}\" name=\"keywords\" />\r\n<meta content=\"noarchive\" name=\"robots\" />\r\n<link href=\"{v:server_dir}/css.php?t={v:visualtheme}&amp;dir={v:text_direction}\" rel=\"stylesheet\" type=\"text/css\" />\r\n<link href=\"{v:path_css}/style_print.css\" rel=\"stylesheet\" type=\"text/css\" />\r\n</head>\r\n<body>\r\n{block:counter_images}','',''),(207,'gw\\_silver',1364426003,0,'tpl\\_search\\_form\\_print','<div class=\"{v:visualtheme}\">\r\n\r\n<table border=\"0\" cellpadding=\"2\" cellspacing=\"0\" width=\"100%\">\r\n<tbody>\r\n<tr>\r\n<td class=\"xt\" style=\"width:20%\">{url:site_name}</td>\r\n<td style=\"width:80%\">\r\n    <span class=\"xr\">{url:dict_name}</span>\r\n</td>\r\n</tr>\r\n\r\n<tr class=\"xq\">\r\n<td style=\"vertical-align:top;text-align:{v:css_align_right}\">{l:dict_url}</td>\r\n<td>{url:dict_url}</td>\r\n</tr>\r\n\r\n<tr class=\"xq\">\r\n<td style=\"vertical-align:top;text-align:{v:css_align_right}\">{l:term_url}</td>\r\n<td>{url:term_url}</td>\r\n</tr>\r\n\r\n</tbody>\r\n</table>\r\n\r\n<div class=\"hr3\"></div>','',''),(208,'gw\\_silver',1364426003,0,'tpl\\_term\\_print','<div class=\"box\"><div class=\"inlinetable\">\r\n\r\n<span class=\"term\" style=\"text-align:{v:css_align_left}\">{v:term}</span>\r\n\r\n{v:defn}\r\n\r\n</div></div>','',''),(209,'gw\\_silver',1364426003,0,'tpl\\_footer\\_print','<div class=\"hr2\"></div>\r\n\r\n<table border=\"0\" cellpadding=\"5\" cellspacing=\"0\" width=\"100%\">\r\n<tbody>\r\n\r\n<tr style=\"vertical-align:middle\">\r\n<td class=\"xt\" style=\"width:35%;text-align:{v:css_align_left}\"><p>&#169; 2008 {url:mailto_contact_name}</p></td>\r\n\r\n<td class=\"center\"><button class=\"non-print\" onclick=\"print(); return false\">{l:1379}</button></td>\r\n\r\n<td class=\"xt\" style=\"width:35%;text-align:{v:css_align_right}\">{v:copyright}</td>\r\n</tr>\r\n\r\n</tbody>\r\n</table>\r\n\r\n</div>\r\n\r\n</body>\r\n</html>','',''),(210,'gw\\_silver',1364426003,0,'tpl\\_custom\\_page','<div class=\"box\"><div class=\"inlinetable\">\r\n\r\n<!-- {block:page_descr} -->\r\n{block:page_content}\r\n\r\n</div></div>','',''),(211,'gw\\_silver',1364426003,0,'tpl\\_header','<?xml version=\"1.0\" encoding=\"{v:charset}\"?>\r\n<!DOCTYPE html PUBLIC \"-//W3C//DTD XHTML 1.1//EN\" \"http://www.w3.org/TR/xhtml11/DTD/xhtml11.dtd\">\r\n<html dir=\"{v:text_direction}\" xml:lang=\"{v:language}\" xmlns=\"http://www.w3.org/1999/xhtml\">\r\n<head>\r\n<title>{v:html_title}</title>\r\n<meta content=\"{v:content_type}; charset={v:charset}\" http-equiv=\"Content-Type\" />\r\n{meta:generator} \r\n{meta:robots} \r\n<meta content=\"{v:meta_description}\" name=\"description\" />\r\n<meta content=\"{v:meta_keywords}\" name=\"keywords\" />\r\n<link href=\"{v:server_dir}/favicon.ico\" rel=\"shortcut icon\" />\r\n<link href=\"{v:path_css_script}/css.php?t={v:visualtheme}&amp;dir={v:text_direction}\" rel=\"stylesheet\" type=\"text/css\" />\r\n<link href=\"{v:server_url}/{v:path_temp}/opensearch.xml\" rel=\"search\" title=\"{v:site_name}\" type=\"application/opensearchdescription+xml\" />\r\n<script src=\"{v:path_tpl}/scripts.js\" type=\"text/javascript\"></script> \r\n<script src=\"{v:path_css}/scripts.js\" type=\"text/javascript\"></script>\r\n</head>\r\n<body>\r\n{block:counter_images}','',''),(212,'gw\\_silver',1364426003,0,'tpl\\_search\\_form\\_custom','<div class=\"{v:visualtheme}\">\r\n\r\n<form accept-charset=\"{v:charset}\" action=\"{v:form_action}\" enctype=\"application/x-www-form-urlencoded\" id=\"gw\" method=\"get\">\r\n<table border=\"0\" cellpadding=\"10\" cellspacing=\"0\" width=\"100%\">\r\n<tbody>\r\n<tr style=\"background:{color_4} url(\'{v:path_css}/bg_top.gif\');\">\r\n\r\n<td style=\"width:1%\"><a href=\"{href:home}\"><img alt=\"{l:main_page}\" height=\"31\" src=\"{v:path_css}/logo.gif\" width=\"120\" /></a></td>\r\n\r\n<td>\r\n\r\n<div class=\"box-search\">\r\n<table border=\"0\" cellpadding=\"0\" cellspacing=\"0\" style=\"float:{v:css_align_right}\" width=\"70%\">\r\n<tbody>\r\n<tr>\r\n<td><input class=\"input\" id=\"gwq\" maxlength=\"128\" name=\"q\" size=\"28\" type=\"text\" value=\"{v:q}\" /></td>\r\n<td style=\"width:1%\">{v:keyboard}</td> \r\n<td style=\"width:1%\"><input class=\"submitok\" name=\"post\" type=\"submit\" value=\"{l:search_submit}\" /></td>\r\n</tr>\r\n</tbody>\r\n</table>\r\n</div>\r\n\r\n  <input name=\"srch[adv]\" type=\"hidden\" value=\"all\" />\r\n  <input name=\"srch[by]\" type=\"hidden\" value=\"d\" />\r\n  <input name=\"srch[in]\" type=\"hidden\" value=\"-1\" />\r\n  <input name=\"a\" type=\"hidden\" value=\"srch\" />\r\n  <input name=\"d\" type=\"hidden\" value=\"0\" />\r\n  <input name=\"{v:sid_name}\" type=\"hidden\" value=\"{v:sid}\" />\r\n  {v:input_url_append}\r\n\r\n</td>\r\n</tr>\r\n</tbody>\r\n</table>\r\n</form>\r\n\r\n<div class=\"hr5\"></div>\r\n\r\n<table border=\"0\" cellpadding=\"10\" cellspacing=\"0\" width=\"100%\">\r\n<tbody>\r\n<tr style=\"background:{color_1} url(\'{v:path_css}/bg_middle.gif\') repeat-x\">\r\n<td class=\"xw\" style=\"width:40%\">{v:breadcrumb}</td>\r\n<td class=\"xt center\">\r\n\r\n<div class=\"navtop\">{v:nav_top}</div>\r\n\r\n</td>\r\n</tr>\r\n</tbody>\r\n</table>\r\n\r\n{block:google_ads}\r\n\r\n<div class=\"hr4\"></div>','',''),(213,'gw\\_silver',1364426003,0,'tpl\\_user\\_profile','<div class=\"box\"><div class=\"inlinetable\">\r\n<table border=\"0\" cellpadding=\"5\" cellspacing=\"0\" width=\"100%\">\r\n<tbody>\r\n<tr style=\"vertical-align:top\">\r\n<td style=\"width:25%;text-align:{v:css_align_right};border-right:5px {color_3} solid\"> {v:avatar_img} </td>\r\n<td class=\"xu\"> {block:user_contact} </td>\r\n</tr>\r\n</tbody>\r\n</table>\r\n</div></div>','',''),(214,'gw\\_silver',1364426003,0,'tpl\\_footer','<!-- footer -->\r\n<div class=\"hr4\"></div>\r\n\r\n<table border=\"0\" cellpadding=\"4\" cellspacing=\"0\" width=\"100%\">\r\n<tbody>\r\n<tr class=\"xt center\" style=\"background:{color_1}\">\r\n<td>\r\n<div class=\"navpages\">{v:nav_pages}&#160;{v:term_actions}</div>\r\n</td>\r\n</tr>\r\n</tbody>\r\n</table>\r\n\r\n<div class=\"hr4\"></div>\r\n\r\n<table border=\"0\" cellpadding=\"10\" cellspacing=\"0\" width=\"100%\">\r\n<tbody>\r\n<tr class=\"xq gray\" style=\"vertical-align:middle;background:{color_4} url(\'{v:path_css}/bg_middle.gif\')\">\r\n	<td style=\"width:20%;text-align:{v:css_align_left}\">\r\n		<a href=\"{href:home}\"><strong>&#060;&#160;{l:main_page}</strong></a>\r\n	</td>\r\n	<td style=\"text-align:center\">{v:nav_bottom}</td>\r\n	<td style=\"width:20%;text-align:{v:css_align_right}\">\r\n		<a href=\"#\" onclick=\"scroll(0,0);return false\"><strong>^&#160;{l:top_of_page}</strong></a>\r\n	</td>\r\n</tr>\r\n</tbody>\r\n</table>\r\n\r\n<div class=\"hr5\"></div>\r\n\r\n<table border=\"0\" cellpadding=\"10\" cellspacing=\"0\" width=\"100%\">\r\n<tbody>\r\n<tr class=\"gray xq\" style=\"vertical-align:middle\">\r\n<td style=\"width:35%;text-align:{v:css_align_left}\">&#169; 2008 {url:mailto_contact_name}</td>\r\n<td style=\"text-align:center\">\r\n\r\n<!-- custom_vars.php -->\r\n<a href=\"#\" onclick=\"nw(\'{href:valid_xhtml}\');return false\">XHTML</a> |\r\n<a href=\"#\" onclick=\"nw(\'{href:valid_css}\');return false\">CSS</a>\r\n{block:counter_links}\r\n\r\n</td>\r\n<!-- I request you to retain the copyright notice! -->\r\n<td style=\"width:35%;text-align:{v:css_align_right}\">{v:copyright}</td> \r\n</tr>\r\n</tbody>\r\n</table>\r\n\r\n</div>\r\n\r\n{v:javascripts}\r\n{v:debug}\r\n\r\n</body></html>','',''),(215,'gw\\_silver',1364426003,0,'tpl\\_smallblock','<h3 style=\"{v:head-text-align}\">{v:head-title}</h3>\r\n\r\n<table border=\"0\" cellpadding=\"6\" cellspacing=\"0\" width=\"100%\">\r\n<tbody>\r\n<tr>\r\n<td {v:head-attr}>{v:head-content}</td>\r\n</tr>\r\n</tbody>\r\n</table>','',''),(216,'gw\\_silver',1364426003,0,'tpl\\_cells\\_term','<table border=\"{v:cells_border}\" cellpadding=\"{v:cells_padding}\" cellspacing=\"{v:cells_spacing}\" class=\"{v:cells_class}\" width=\"100%\">\r\n<tbody>\r\n{d cells_tr}\r\n    <tr {cells_tr:attr}>\r\n    {d cells_td}\r\n    <td {cells_td:attr}>\r\n        {d if:td}\r\n\r\n<dl class=\"termlist\">\r\n<dt class=\"termpreview\"><span class=\"gray\">{v:term_number}.</span> {v:term}</dt>\r\n<dd class=\"defnpreview\">{v:defn}</dd>\r\n</dl> \r\n\r\n        {/d}\r\n    </td>\r\n    {/d}\r\n    </tr>\r\n{/d}\r\n</tbody>\r\n</table>\r\n<br />','',''),(217,'gw\\_silver',1364426003,0,'tpl\\_custom\\_pages\\_list','<dl class=\"termlist\">\r\n{d list_custom_pages}\r\n<dt class=\"termpreview\">{url:page_title}</dt>\r\n<dd class=\"defnpreview\">{page_descr}</dd>\r\n{/d}\r\n</dl>','',''),(218,'gw\\_zh\\_lenox',1364426003,0,'color\\_1','#FCF9EF','',''),(219,'gw\\_zh\\_lenox',1364426003,0,'color\\_2','#FBF3DB','',''),(220,'gw\\_zh\\_lenox',1364426003,0,'color\\_3','#F9E9C9','',''),(221,'gw\\_zh\\_lenox',1364426003,0,'color\\_4','#E9E3E3','',''),(222,'gw\\_zh\\_lenox',1364426003,0,'color\\_5','#E2B386','',''),(223,'gw\\_zh\\_lenox',1364426003,0,'color\\_6','#F49900','',''),(224,'gw\\_zh\\_lenox',1364426003,0,'color\\_7','#AC6D4D','',''),(225,'gw\\_zh\\_lenox',1364426003,0,'color\\_white','#FEFEFF','',''),(226,'gw\\_zh\\_lenox',1364426003,0,'color\\_black','#000','',''),(227,'gw\\_zh\\_lenox',1364426003,0,'color\\_a\\_link','#BC2416','',''),(228,'gw\\_zh\\_lenox',1364426003,0,'color\\_a\\_visited','#BC2416','',''),(229,'gw\\_zh\\_lenox',1364426003,0,'color\\_a\\_hover','#DC883C','',''),(230,'gw\\_zh\\_lenox',1364426003,0,'color\\_a\\_active','#FFDD3F','',''),(231,'gw\\_zh\\_lenox',1364426003,0,'columns','2','',''),(232,'gw\\_zh\\_lenox',1364426003,0,'str\\_nav\\_prepend','','',''),(233,'gw\\_zh\\_lenox',1364426003,0,'str\\_nav\\_split','&#32;','',''),(234,'gw\\_zh\\_lenox',1364426003,0,'str\\_nav\\_append','','',''),(235,'gw\\_zh\\_lenox',1364426003,0,'str\\_navb\\_prepend','','',''),(236,'gw\\_zh\\_lenox',1364426003,0,'str\\_navb\\_split','&#32;<img alt=\"\" height=\"8\" src=\"{v:path_css}/romb.gif\" width=\"8\" />&#32;','',''),(237,'gw\\_zh\\_lenox',1364426003,0,'str\\_navb\\_append','','',''),(238,'gw\\_zh\\_lenox',1364426003,0,'prepend\\_trsp','<span class=\"trsp\">[','',''),(239,'gw\\_zh\\_lenox',1364426003,0,'split\\_trsp',';&#32;','',''),(240,'gw\\_zh\\_lenox',1364426003,0,'append\\_trsp',']</span>','',''),(241,'gw\\_zh\\_lenox',1364426003,0,'prepend\\_abbr','','',''),(242,'gw\\_zh\\_lenox',1364426003,0,'postlang\\_abbr','&#32;','',''),(243,'gw\\_zh\\_lenox',1364426003,0,'split\\_abbr',';','',''),(244,'gw\\_zh\\_lenox',1364426003,0,'append\\_abbr','<br />','',''),(245,'gw\\_zh\\_lenox',1364426003,0,'prepend\\_trns','','',''),(246,'gw\\_zh\\_lenox',1364426003,0,'postlang\\_trns','&#32;','',''),(247,'gw\\_zh\\_lenox',1364426003,0,'split\\_trns',';&#32;','',''),(248,'gw\\_zh\\_lenox',1364426003,0,'append\\_trns','','',''),(249,'gw\\_zh\\_lenox',1364426003,0,'prepend\\_see\\_syn','','',''),(250,'gw\\_zh\\_lenox',1364426003,0,'split\\_see\\_syn',',&#32;','',''),(251,'gw\\_zh\\_lenox',1364426003,0,'append\\_see\\_syn','','',''),(252,'gw\\_zh\\_lenox',1364426003,0,'prepend\\_abbr\\_preview','(','',''),(253,'gw\\_zh\\_lenox',1364426003,0,'split\\_abbr\\_preview',';&#32;','',''),(254,'gw\\_zh\\_lenox',1364426003,0,'append\\_abbr\\_preview',')','',''),(255,'gw\\_zh\\_lenox',1364426003,0,'split\\_defn','&#32;&#9674;&#32;','',''),(256,'gw\\_zh\\_lenox',1364426003,0,'split\\_pagenumbers','&#32;&#9643;&#32;','',''),(257,'gw\\_zh\\_lenox',1364426003,0,'txt\\_linkmarker','<span class=\"linkmark\">&#9654;</span>','',''),(258,'gw\\_zh\\_lenox',1364426003,0,'txt\\_linkmarker\\_ext','<span class=\"linkmark\">&#9655;</span>','',''),(259,'gw\\_zh\\_lenox',1364426003,0,'txt\\_virtual\\_keyboard','<img alt=\"\" height=\"24\" src=\"{v:path_img}/vkb2.png\" width=\"32\" />','',''),(260,'gw\\_zh\\_lenox',1364426003,0,'tpl\\_header\\_index','<?xml version=\"1.0\" encoding=\"{v:charset}\"?>\r\n<!DOCTYPE html PUBLIC \"-//W3C//DTD XHTML 1.1//EN\" \"http://www.w3.org/TR/xhtml11/DTD/xhtml11.dtd\">\r\n<html dir=\"{v:text_direction}\" xml:lang=\"{v:language}\" xmlns=\"http://www.w3.org/1999/xhtml\">\r\n<head>\r\n<title>{v:html_title}</title>\r\n<meta content=\"{v:content_type}; charset={v:charset}\" http-equiv=\"Content-Type\" />\r\n{meta:generator} \r\n{meta:robots} \r\n<meta content=\"{v:meta_description}\" name=\"description\" />\r\n<meta content=\"{v:meta_keywords}\" name=\"keywords\" />\r\n<link href=\"{v:server_dir}/favicon.ico\" rel=\"shortcut icon\" />\r\n<link href=\"{v:path_css_script}/css.php?t={v:visualtheme}&amp;dir={v:text_direction}\" rel=\"stylesheet\" type=\"text/css\" />\r\n<link href=\"{v:server_url}/{v:path_temp}/opensearch.xml\" rel=\"search\" title=\"{v:site_name}\" type=\"application/opensearchdescription+xml\" />\r\n<script src=\"{v:path_tpl}/scripts.js\" type=\"text/javascript\"></script>\r\n<script src=\"{v:path_css}/scripts.js\" type=\"text/javascript\"></script>\r\n</head>\r\n<body>\r\n{block:counter_images}','',''),(261,'gw\\_zh\\_lenox',1364426003,0,'tpl\\_index','<div class=\"{v:visualtheme}\">\r\n\r\n<div class=\"bgtop\">\r\n\r\n<table border=\"0\" cellpadding=\"0\" cellspacing=\"0\" width=\"100%\">\r\n<tbody>\r\n<tr>\r\n<td style=\"width:10%\">\r\n\r\n<img alt=\"\" height=\"32\" src=\"{v:path_css}/logo.gif\" width=\"32\" />\r\n\r\n</td>\r\n<td class=\"xt\">\r\n\r\n<div class=\"navtop\">{v:nav_top}</div>\r\n\r\n</td>\r\n</tr>\r\n</tbody>\r\n</table>\r\n\r\n\r\n\r\n<table border=\"0\" cellpadding=\"0\" cellspacing=\"0\" width=\"100%\">\r\n<tbody>\r\n<tr style=\"height:65px\">\r\n<td style=\"padding-{v:css_align_left}:0.5em;width:55%\">\r\n\r\n	<div class=\"xw\">\r\n	{v:site_name}\r\n	</div>\r\n	<div class=\"xu\" style=\"font-size:70%\">\r\n	{v:site_descr}\r\n	</div>\r\n\r\n</td>\r\n<td>\r\n\r\n\r\n<!-- search form --><div class=\"box-search\">\r\n\r\n<form accept-charset=\"utf-8\" action=\"{v:form_action}\" enctype=\"application/x-www-form-urlencoded\" id=\"gw\" method=\"get\">\r\n\r\n<div class=\"inlinetable\">\r\n<table border=\"0\" cellpadding=\"0\" cellspacing=\"0\" width=\"100%\">\r\n<tbody>\r\n<tr>\r\n<td colspan=\"3\">{v:select_dict}</td>\r\n</tr>\r\n<tr>\r\n<td><input class=\"input\" id=\"gwq\" maxlength=\"128\" name=\"q\" size=\"28\" value=\"{v:q}\" /></td>\r\n<td style=\"width:1%\">{v:keyboard}</td> \r\n<td style=\"width:5%\"><input alt=\"{l:search_submit}\" class=\"submitok\" name=\"search\" type=\"submit\" value=\"{l:search_submit}\" /></td>\r\n</tr>\r\n</tbody>\r\n</table>\r\n<input name=\"srch[by]\" type=\"hidden\" value=\"d\" />\r\n<input name=\"srch[adv]\" type=\"hidden\" value=\"all\" />\r\n<input name=\"srch[in]\" type=\"hidden\" value=\"-1\" />\r\n<input name=\"a\" type=\"hidden\" value=\"srch\" />\r\n<input name=\"d\" type=\"hidden\" value=\"0\" />\r\n<input name=\"{v:sid_name}\" type=\"hidden\" value=\"{v:sid}\" />\r\n{v:input_url_append}\r\n</div>\r\n</form>\r\n</div>\r\n<!-- /search form -->\r\n\r\n\r\n</td>\r\n</tr>\r\n</tbody>\r\n</table>\r\n</div>\r\n\r\n<div class=\"hr4\"></div> \r\n\r\n<table border=\"0\" cellpadding=\"10\" cellspacing=\"0\" style=\"background:{color_1} url({v:path_css}/m1.png)\" width=\"100%\">\r\n<tbody>\r\n<tr style=\"vertical-align:top\">\r\n<td style=\"text-align:{v:css_align_left}\">\r\n\r\n<!-- The list of dictionaries -->\r\n	{block:catalog}\r\n\r\n	<table border=\"0\" cellpadding=\"0\" cellspacing=\"0\" width=\"100%\">\r\n	<tbody>\r\n	<tr class=\"xq gray center\">\r\n	<td>{l:legend_updated}</td>\r\n	<td>{l:legend_new}</td>\r\n	</tr>\r\n	</tbody>\r\n	</table>\r\n\r\n</td>\r\n</tr>\r\n</tbody>\r\n</table>\r\n\r\n<div class=\"hr5\"></div> \r\n\r\n<!-- \"Recently updated\" block -->\r\n<table border=\"0\" cellpadding=\"5\" cellspacing=\"0\" style=\"background:{color_2} url({v:path_css}/m2.png)\" width=\"100%\">\r\n<tbody>\r\n<tr style=\"vertical-align:top\">\r\n<td>\r\n\r\n{block:dict_updated}\r\n{block:term_updated} \r\n\r\n</td>\r\n</tr>\r\n</tbody>\r\n</table>\r\n\r\n<table border=\"0\" cellpadding=\"5\" cellspacing=\"0\" style=\"background:{color_2} url({v:path_css}/m2.png)\" width=\"100%\">\r\n<tbody>\r\n<tr>\r\n<td style=\"width:50%\">\r\n\r\n<!-- select visual theme -->\r\n<h3>{l:visual_theme}</h3>\r\n<table border=\"0\" cellpadding=\"6\" cellspacing=\"0\" width=\"100%\">\r\n<tbody><tr><td class=\"center\"> {v:select_visualtheme} </td></tr></tbody>\r\n</table>\r\n<!-- /select visual theme -->\r\n\r\n</td>\r\n<td>\r\n\r\n<!-- select visual theme -->\r\n<h3>{l:lang}</h3>\r\n<table border=\"0\" cellpadding=\"6\" cellspacing=\"0\" width=\"100%\">\r\n<tbody><tr><td class=\"center\"> {v:select_lang} </td></tr></tbody>\r\n</table>\r\n<!-- /select visual theme -->\r\n\r\n</td>\r\n</tr>\r\n</tbody>\r\n</table>','',''),(262,'gw\\_zh\\_lenox',1364426003,0,'tpl\\_footer\\_index','<!-- footer -->\r\n<div class=\"hr5\"></div>\r\n\r\n<div class=\"bgbottom\"> \r\n\r\n<table border=\"0\" cellpadding=\"7\" cellspacing=\"0\" width=\"100%\">\r\n<tbody>\r\n<tr class=\"gray\" style=\"height:35px;vertical-align:middle\">\r\n	<td class=\"xt\" style=\"text-align:{v:css_align_left}\">{v:nav_bottom}</td>\r\n	<td class=\"xq\" style=\"width:25%;text-align:{v:css_align_right}\">\r\n		<img alt=\"\" height=\"16\" src=\"{v:path_css}/16_icon_totop.png\" style=\"vertical-align:bottom\" width=\"16\" />&#160;<a href=\"#\" onclick=\"scroll(0,0);return false\"><strong>{l:top_of_page}</strong></a>\r\n	</td>\r\n</tr>\r\n</tbody>\r\n</table>\r\n\r\n<div class=\"hr4\"></div>\r\n\r\n<table border=\"0\" cellpadding=\"10\" cellspacing=\"0\" width=\"100%\">\r\n<tbody>\r\n<tr class=\"gray xq\" style=\"vertical-align:middle\">\r\n<td style=\"width:35%;text-align:{v:css_align_left}\">&#169; 2008 {url:mailto_contact_name}</td>\r\n<td style=\"text-align:center\">\r\n\r\n<a href=\"#\" onclick=\"nw(\'{href:valid_xhtml}\');return false\">XHTML</a> |\r\n<a href=\"#\" onclick=\"nw(\'{href:valid_css}\');return false\">CSS</a> \r\n{block:counter_links}\r\n\r\n</td>\r\n<!-- I request you to retain the copyright notice! -->\r\n<td style=\"width:35%;text-align:{v:css_align_right}\">\r\n{v:copyright}{v:glossword_version}\r\n<br />{l:visual_theme}: {theme_name}\r\n</td>\r\n</tr>\r\n</tbody>\r\n</table>\r\n\r\n</div>\r\n\r\n</div>\r\n\r\n{v:javascripts}\r\n{v:debug}\r\n\r\n</body></html>','',''),(263,'gw\\_zh\\_lenox',1364426003,0,'tpl\\_search\\_form','<div class=\"{v:visualtheme}\">\r\n\r\n<div class=\"bgtop\">\r\n\r\n<table border=\"0\" cellpadding=\"0\" cellspacing=\"0\" width=\"100%\">\r\n<tbody>\r\n<tr>\r\n<td style=\"width:10%\">\r\n\r\n<a class=\"plain\" href=\"{href:home}\"><img alt=\"\" height=\"32\" src=\"{v:path_css}/logo.gif\" width=\"32\" /></a>\r\n\r\n</td> \r\n<td class=\"xt center\">\r\n\r\n<div class=\"navtop\">{v:nav_top}</div>\r\n\r\n</td>\r\n</tr>\r\n</tbody>\r\n</table>\r\n\r\n<table border=\"0\" cellpadding=\"0\" cellspacing=\"0\" width=\"100%\">\r\n<tbody>\r\n<tr style=\"height:65px\">\r\n<td class=\"xw\" style=\"padding-{v:css_align_left}:0.5em;width:55%\">\r\n\r\n{url:dict_name}\r\n\r\n</td>\r\n<td>\r\n\r\n<!-- search form --><div class=\"box-search\">\r\n\r\n<form accept-charset=\"utf-8\" action=\"{v:form_action}\" enctype=\"application/x-www-form-urlencoded\" id=\"gw\" method=\"get\" style=\"margin:0\">\r\n\r\n<div class=\"inlinetable\">\r\n<table border=\"0\" cellpadding=\"0\" cellspacing=\"0\" width=\"100%\">\r\n<tbody>\r\n<tr>\r\n<td colspan=\"3\">{v:select_dict}</td>\r\n</tr>\r\n<tr>\r\n<td><input class=\"input\" id=\"gwq\" maxlength=\"128\" name=\"q\" size=\"28\" value=\"{v:q}\" /></td>\r\n<td style=\"width:1%\">{v:keyboard}</td>\r\n<td style=\"width:5%\"><input alt=\"{l:search_submit}\" class=\"submitok\" name=\"search\" type=\"submit\" value=\"{l:search_submit}\" /></td>\r\n</tr>\r\n</tbody>\r\n</table>\r\n<input name=\"srch[adv]\" type=\"hidden\" value=\"all\" />\r\n<input name=\"srch[by]\" type=\"hidden\" value=\"d\" />\r\n<input name=\"srch[in]\" type=\"hidden\" value=\"-1\" />\r\n<input name=\"a\" type=\"hidden\" value=\"srch\" />\r\n<input name=\"{v:sid_name}\" type=\"hidden\" value=\"{v:sid}\" />\r\n{v:input_url_append}\r\n</div>\r\n\r\n</form>\r\n</div><!-- /search form -->\r\n\r\n\r\n</td>\r\n</tr>\r\n</tbody>\r\n</table>\r\n\r\n</div>\r\n\r\n{block:google_ads}\r\n\r\n<div class=\"hr4\"></div>','',''),(264,'gw\\_zh\\_lenox',1364426003,0,'tpl\\_az','<div class=\"az\">{v:az}</div>','',''),(265,'gw\\_zh\\_lenox',1364426003,0,'tpl\\_dict','<div class=\"hr4\"></div>\r\n<div class=\"box\"><div class=\"inlinetable\">\r\n\r\n\r\n<table border=\"0\" cellpadding=\"0\" cellspacing=\"0\" width=\"100%\">\r\n<tbody>\r\n<tr style=\"vertical-align:top\">\r\n<td>\r\n\r\n<div style=\"float:right;width:50%;padding-left:1em\">\r\n{v:terms_recent}\r\n</div>\r\n\r\n\r\n<div class=\"xt\">\r\n\r\n{v:dict_descr}\r\n\r\n</div>\r\n\r\n<div class=\"xt\">\r\n<br /><span class=\"gray\">{l:dict_terms}:</span> <strong>{v:dict_terms}</strong>\r\n<br /><span class=\"gray\">{l:pages}:</span> <strong>{v:browse_pages}</strong>\r\n<br /><strong>{v:dict_contents}</strong>\r\n<br /><strong>{url:add_term}</strong>\r\n<br />{v:dict_date_modified}\r\n<br />{v:dict_editors}\r\n</div> \r\n\r\n\r\n</td>\r\n</tr>\r\n</tbody>\r\n</table>\r\n\r\n</div></div>','',''),(266,'gw\\_zh\\_lenox',1364426003,0,'tpl\\_aazz','<div class=\"aazz\">{v:aazz}</div>','',''),(267,'gw\\_zh\\_lenox',1364426003,0,'tpl\\_aaazzz','<div class=\"aaazzz\">{v:aaazzz}</div>','',''),(268,'gw\\_zh\\_lenox',1364426003,0,'tpl\\_term\\_list','<div class=\"hr4\"></div>\r\n\r\n<div class=\"box\">\r\n<div class=\"inlinetable\">\r\n\r\n<table border=\"0\" cellpadding=\"0\" cellspacing=\"4\" width=\"100%\">\r\n<tbody>\r\n<tr class=\"gray\">\r\n<td class=\"xt\" style=\"width:20%;text-align:{v:css_align_left}\">{l:terms_on_page}: {v:terms_on_page}</td>\r\n\r\n<td class=\"xt center\"><div class=\"navpages\">{l:pages}&#160;{v:nav_pages}</div></td>\r\n\r\n<td class=\"xt\" style=\"width:20%;text-align:{v:css_align_right}\">{v:page_of_page}</td>\r\n</tr>\r\n</tbody>\r\n</table>\r\n\r\n<!-- Layout for one column -->\r\n{d if:one_column}\r\n\r\n<dl class=\"termlist\">\r\n{d list_item}\r\n<dt class=\"termpreview\" style=\"background:{v:color_odd}\">{v:term_number}. {v:term}</dt>\r\n<dd class=\"defnpreview\">{v:defn}</dd>\r\n{/d}\r\n</dl>\r\n\r\n{/d}\r\n\r\n<!-- Layout for several columns (see `tpl_cells_term\') -->\r\n{block:columns}\r\n\r\n\r\n</div></div>','',''),(269,'gw\\_zh\\_lenox',1364426003,0,'tpl\\_search\\_results','<div class=\"box\"><div class=\"inlinetable\">\r\n\r\n<div class=\"xu\">{l:found}: <b class=\"red\">{v:q}</b></div>\r\n\r\n	<div class=\"xt\">\r\n	{l:search_found_dict}: <b>{v:found_total}</b><br />\r\n	</div>\r\n\r\n<ul class=\"dictlist\">\r\n{d list_dict}\r\n<li>{url:dict_url_search} - {v:found_dict}</li>\r\n{/d}\r\n</ul>\r\n\r\n<div class=\"gray xt center navpages\">{l:pages}&#160;{v:nav_pages}</div>\r\n\r\n\r\n<!-- Layout for one column -->\r\n{d if:one_column}\r\n\r\n<dl class=\"termlist\">\r\n{d list_item}\r\n<dt class=\"termpreview\" style=\"background:{v:color_odd}\">{v:term_number}. {v:term} {url:term_edit}</dt>\r\n<dd class=\"defnpreview\">{v:defn}</dd>\r\n{/d}\r\n</dl>\r\n\r\n{/d}\r\n\r\n<!-- Layout for several columns (see `tpl_cells_term&#039;) -->\r\n{block:columns}\r\n\r\n\r\n<div class=\"xu\"><p>{l:reason_5}</p><p>{l:srch_trydefn}</p>{l:1075}</div>\r\n\r\n</div></div>','',''),(270,'gw\\_zh\\_lenox',1364426003,0,'tpl\\_term','<div class=\"hr4\"></div>\r\n\r\n<div class=\"box\"><div class=\"inlinetable\" style=\"text-align:{v:css_align_left}\">\r\n\r\n<h1 class=\"term\">{v:term}</h1>\r\n\r\n{v:defn}\r\n\r\n</div></div>','',''),(271,'gw\\_zh\\_lenox',1364426003,0,'tpl\\_header\\_print','<?xml version=\"1.0\" encoding=\"{v:charset}\"?>\r\n<!DOCTYPE html PUBLIC \"-//W3C//DTD XHTML 1.1//EN\" \"http://www.w3.org/TR/xhtml11/DTD/xhtml11.dtd\">\r\n<html dir=\"{v:text_direction}\" xml:lang=\"{v:language}\" xmlns=\"http://www.w3.org/1999/xhtml\">\r\n<head>\r\n<title>{v:html_title} - {l:print_version}</title>\r\n<meta content=\"{v:content_type}; charset={v:charset}\" http-equiv=\"Content-Type\" />\r\n<meta name=\"generator\" content=\"Glossword version {v:glossword_version}\"  />\r\n<meta name=\"description\" content=\"{l:print_version} : {v:meta_description}\"  />\r\n<meta content=\"{v:meta_keywords}\" name=\"keywords\" />\r\n<meta content=\"noarchive\" name=\"robots\" />\r\n<link href=\"{v:server_dir}/css.php?t={v:visualtheme}&amp;dir={v:text_direction}\" rel=\"stylesheet\" type=\"text/css\" />\r\n<link href=\"{v:path_css}/style_print.css\" rel=\"stylesheet\" type=\"text/css\" />\r\n</head>\r\n<body>\r\n{block:counter_images}','',''),(272,'gw\\_zh\\_lenox',1364426003,0,'tpl\\_search\\_form\\_print','<div class=\"{v:visualtheme}\">\r\n\r\n\r\n<table border=\"0\" cellpadding=\"2\" cellspacing=\"0\" width=\"100%\">\r\n<tbody>\r\n<tr>\r\n<td class=\"xt\" style=\"width:20%\">{url:site_name}</td>\r\n<td style=\"width:80%\">\r\n    <span class=\"xr\">{url:dict_name}</span>\r\n</td>\r\n</tr>\r\n\r\n<tr class=\"xq\">\r\n<td style=\"vertical-align:top;text-align:{v:css_align_right}\">{l:dict_url}</td>\r\n<td>{url:dict_url}</td>\r\n</tr>\r\n\r\n<tr class=\"xq\">\r\n<td style=\"vertical-align:top;text-align:{v:css_align_right}\">{l:term_url}</td>\r\n<td>{url:term_url}</td>\r\n</tr>\r\n\r\n</tbody>\r\n</table>\r\n\r\n<div class=\"hr2\"></div>','',''),(273,'gw\\_zh\\_lenox',1364426003,0,'tpl\\_term\\_print','<div style=\"margin:0; padding:2em; width:auto\">\r\n\r\n<span class=\"term\" style=\"text-align:{v:css_align_left}\">{v:term}</span>\r\n\r\n{v:defn}\r\n\r\n</div>','',''),(274,'gw\\_zh\\_lenox',1364426003,0,'tpl\\_footer\\_print','<div class=\"hr2\"></div>\r\n\r\n<table border=\"0\" cellpadding=\"5\" cellspacing=\"0\" width=\"100%\">\r\n<tbody>\r\n\r\n<tr style=\"vertical-align:middle\">\r\n<td class=\"xt\" style=\"width:35%;text-align:{v:css_align_left}\"><p>&#169; 2008 {url:mailto_contact_name}</p></td>\r\n\r\n<td class=\"center\"><button class=\"non-print\" onclick=\"print(); return false\">{l:1379}</button></td>\r\n\r\n<td class=\"xt\" style=\"width:35%;text-align:{v:css_align_right}\">{v:copyright}</td>\r\n</tr>\r\n\r\n</tbody>\r\n</table>\r\n\r\n</div>\r\n\r\n</body>\r\n</html>','',''),(275,'gw\\_zh\\_lenox',1364426003,0,'tpl\\_custom\\_page','<div class=\"box\"><div class=\"inlinetable\">\r\n\r\n<!-- {block:page_descr} -->\r\n{block:page_content}\r\n\r\n</div></div>','',''),(276,'gw\\_zh\\_lenox',1364426003,0,'tpl\\_header','<?xml version=\"1.0\" encoding=\"{v:charset}\"?>\r\n<!DOCTYPE html PUBLIC \"-//W3C//DTD XHTML 1.1//EN\" \"http://www.w3.org/TR/xhtml11/DTD/xhtml11.dtd\">\r\n<html dir=\"{v:text_direction}\" xml:lang=\"{v:language}\" xmlns=\"http://www.w3.org/1999/xhtml\">\r\n<head>\r\n<title>{v:html_title}</title>\r\n<meta content=\"{v:content_type}; charset={v:charset}\" http-equiv=\"Content-Type\" />\r\n{meta:generator} \r\n{meta:robots} \r\n<meta content=\"{v:meta_description}\" name=\"description\" />\r\n<meta content=\"{v:meta_keywords}\" name=\"keywords\" />\r\n<link href=\"{v:server_dir}/favicon.ico\" rel=\"shortcut icon\" />\r\n<link href=\"{v:path_css_script}/css.php?t={v:visualtheme}&amp;dir={v:text_direction}\" rel=\"stylesheet\" type=\"text/css\" />\r\n<link href=\"{v:server_url}/{v:path_temp}/opensearch.xml\" rel=\"search\" title=\"{v:site_name}\" type=\"application/opensearchdescription+xml\" />\r\n<script src=\"{v:path_tpl}/scripts.js\" type=\"text/javascript\"></script> \r\n<script src=\"{v:path_css}/scripts.js\" type=\"text/javascript\"></script>\r\n</head>\r\n<body>\r\n{block:counter_images}','',''),(277,'gw\\_zh\\_lenox',1364426003,0,'tpl\\_search\\_form\\_custom','<div class=\"{v:visualtheme}\">\r\n\r\n<div class=\"bgtop\">\r\n\r\n<table border=\"0\" cellpadding=\"0\" cellspacing=\"0\" width=\"100%\">\r\n<tbody>\r\n<tr>\r\n<td style=\"width:10%\">\r\n\r\n<a class=\"plain\" href=\"{href:home}\"><img alt=\"\" height=\"32\" src=\"{v:path_css}/logo.gif\" width=\"32\" /></a>\r\n\r\n</td>\r\n<td class=\"xt\">\r\n\r\n<div class=\"navtop\">{v:nav_top}</div>\r\n\r\n</td>\r\n</tr>\r\n</tbody>\r\n</table>\r\n\r\n\r\n<table border=\"0\" cellpadding=\"0\" cellspacing=\"0\" width=\"100%\">\r\n<tbody>\r\n<tr style=\"height:65px\">\r\n<td class=\"xw\" style=\"padding-{v:css_align_left}:0.5em;width:55%\">\r\n\r\n{v:breadcrumb}\r\n\r\n</td>\r\n<td>\r\n\r\n<!-- search form --><div class=\"box-search\">\r\n\r\n<form accept-charset=\"utf-8\" action=\"{v:form_action}\" enctype=\"application/x-www-form-urlencoded\" id=\"gw\" method=\"get\">\r\n\r\n<div class=\"inlinetable\">\r\n<table border=\"0\" cellpadding=\"0\" cellspacing=\"0\" width=\"100%\">\r\n<tbody>\r\n<tr>\r\n<td colspan=\"3\">{v:select_dict}</td>\r\n</tr>\r\n<tr>\r\n<td><input class=\"input\" id=\"gwq\" maxlength=\"128\" name=\"q\" size=\"28\" value=\"{v:q}\" /></td>\r\n<td style=\"width:1%\">{v:keyboard}</td> \r\n<td style=\"width:5%\"><input alt=\"{l:search_submit}\" class=\"submitok\" name=\"search\" type=\"submit\" value=\"{l:search_submit}\" /></td>\r\n</tr>\r\n</tbody>\r\n</table>\r\n<input name=\"srch[adv]\" type=\"hidden\" value=\"all\" />\r\n<input name=\"srch[by]\" type=\"hidden\" value=\"d\" />\r\n<input name=\"srch[in]\" type=\"hidden\" value=\"-1\" />\r\n<input name=\"a\" type=\"hidden\" value=\"srch\" />\r\n<input name=\"{v:sid_name}\" type=\"hidden\" value=\"{v:sid}\" />\r\n{v:input_url_append}\r\n</div>\r\n\r\n</form>\r\n</div>\r\n<!-- /search form -->\r\n\r\n\r\n</td>\r\n</tr>\r\n</tbody>\r\n</table>\r\n</div>\r\n\r\n{block:google_ads}\r\n\r\n<div class=\"hr4\"></div>','',''),(278,'gw\\_zh\\_lenox',1364426003,0,'tpl\\_user\\_profile','<div class=\"box\"><div class=\"inlinetable\">\r\n<table border=\"0\" cellpadding=\"5\" cellspacing=\"0\" width=\"100%\">\r\n<tbody>\r\n<tr style=\"vertical-align:top\">\r\n<td style=\"width:25%;text-align:{v:css_align_right};border-right:5px {color_3} solid\"> {v:avatar_img} </td>\r\n<td class=\"xu\"> {block:user_contact} </td>\r\n</tr>\r\n</tbody>\r\n</table>\r\n</div></div>','',''),(279,'gw\\_zh\\_lenox',1364426003,0,'tpl\\_footer','<!-- footer -->\r\n\r\n<div class=\"xt center navpages\">{v:nav_pages}&#160;{v:term_actions}</div>\r\n\r\n<div class=\"hr5\"></div>\r\n\r\n<div class=\"bgbottom\"> \r\n\r\n<table border=\"0\" cellpadding=\"7\" cellspacing=\"0\" width=\"100%\">\r\n<tbody>\r\n<tr class=\"gray\" style=\"height:35px;vertical-align:middle\">\r\n	<td class=\"xq\" style=\"width:25%;text-align:{v:css_align_left}\">\r\n		<img alt=\"\" height=\"16\" src=\"{v:path_css}/16_icon_toleft.png\" style=\"vertical-align:bottom\" width=\"16\" />&#160;<a href=\"{href:home}\"><strong>{l:main_page}</strong></a>\r\n	</td>\r\n	<td class=\"xt\" style=\"text-align:center\">{v:nav_bottom}</td>\r\n	<td class=\"xq\" style=\"width:25%;text-align:{v:css_align_right}\">\r\n		<img alt=\"\" height=\"16\" src=\"{v:path_css}/16_icon_totop.png\" style=\"vertical-align:bottom\" width=\"16\" />&#160;<a href=\"#\" onclick=\"scroll(0,0);return false\"><strong>{l:top_of_page}</strong></a>\r\n	</td>\r\n</tr>\r\n</tbody>\r\n</table>\r\n\r\n<div class=\"hr4\"></div>\r\n\r\n<table border=\"0\" cellpadding=\"10\" cellspacing=\"0\" width=\"100%\">\r\n<tbody>\r\n<tr class=\"gray xq\" style=\"vertical-align:middle\">\r\n<td style=\"width:35%;text-align:{v:css_align_left}\">&#169; 2008 {url:mailto_contact_name}</td>\r\n<td style=\"text-align:center\">\r\n\r\n<a href=\"#\" onclick=\"nw(\'{href:valid_xhtml}\');return false\">XHTML</a> |\r\n<a href=\"#\" onclick=\"nw(\'{href:valid_css}\');return false\">CSS</a>\r\n{block:counter_links}\r\n\r\n</td>\r\n<!-- I request you to retain the copyright notice! -->\r\n<td style=\"width:35%;text-align:{v:css_align_right}\">\r\n{v:copyright}{v:glossword_version}\r\n<br />{l:visual_theme}: {theme_name}\r\n</td>\r\n</tr>\r\n</tbody>\r\n</table>\r\n\r\n</div>\r\n\r\n</div>\r\n\r\n{v:javascripts}\r\n{v:debug}\r\n\r\n</body></html>','',''),(280,'gw\\_zh\\_lenox',1364426003,0,'tpl\\_smallblock','<h3 style=\"{v:head-text-align}\">{v:head-title}</h3>\r\n\r\n<table border=\"0\" cellpadding=\"6\" cellspacing=\"0\" width=\"100%\">\r\n<tbody>\r\n<tr>\r\n<td {v:head-attr}>{v:head-content}</td>\r\n</tr>\r\n</tbody>\r\n</table>','',''),(281,'gw\\_zh\\_lenox',1364426003,0,'tpl\\_cells\\_term','<table border=\"{v:cells_border}\" cellpadding=\"{v:cells_padding}\" cellspacing=\"{v:cells_spacing}\" class=\"{v:cells_class}\" width=\"100%\">\r\n{d cells_tr}\r\n    <tr {cells_tr:attr}> \r\n    {d cells_td} \r\n    <td {cells_td:attr}>\r\n        {d if:td}\r\n\r\n<dl class=\"termlist\">\r\n<dt class=\"termpreview\"><span class=\"gray xt\">{v:term_number}.</span> {v:term} {url:term_edit}</dt>\r\n<dd class=\"defnpreview\">{v:defn}</dd>\r\n</dl> \r\n\r\n        {/d}\r\n    </td>\r\n    {/d}\r\n    </tr>\r\n{/d}\r\n</table>','',''),(282,'gw\\_zh\\_lenox',1364426003,0,'tpl\\_custom\\_pages\\_list','<dl class=\"termlist\">\r\n{d list_custom_pages}\r\n<dt class=\"termpreview\">{url:page_title}</dt>\r\n<dd class=\"defnpreview\">{page_descr}</dd>\r\n{/d}\r\n</dl>','','');
/*!40000 ALTER TABLE `gw_theme_settings` ENABLE KEYS */;
UNLOCK TABLES;

--
-- Table structure for table `gw_topics`
--

DROP TABLE IF EXISTS `gw_topics`;
/*!40101 SET @saved_cs_client     = @@character_set_client */;
/*!40101 SET character_set_client = utf8 */;
CREATE TABLE `gw_topics` (
  `id_topic` tinyint(3) unsigned NOT NULL AUTO_INCREMENT,
  `id_user` smallint(5) unsigned NOT NULL DEFAULT '2',
  `is_active` tinyint(1) unsigned NOT NULL DEFAULT '1',
  `int_sort` smallint(5) unsigned NOT NULL DEFAULT '10',
  `int_items` int(10) unsigned NOT NULL DEFAULT '0',
  `id_parent` mediumint(8) unsigned NOT NULL DEFAULT '0',
  `date_created` int(10) unsigned NOT NULL DEFAULT '0',
  `date_modified` int(10) unsigned NOT NULL DEFAULT '0',
  `topic_icon` varchar(64) NOT NULL DEFAULT '',
  PRIMARY KEY (`id_topic`)
) ENGINE=MyISAM AUTO_INCREMENT=2 DEFAULT CHARSET=utf8;
/*!40101 SET character_set_client = @saved_cs_client */;

--
-- Dumping data for table `gw_topics`
--

LOCK TABLES `gw_topics` WRITE;
/*!40000 ALTER TABLE `gw_topics` DISABLE KEYS */;
INSERT INTO `gw_topics` VALUES (1,2,1,10,1,0,1364426003,1364426003,'');
/*!40000 ALTER TABLE `gw_topics` ENABLE KEYS */;
UNLOCK TABLES;

--
-- Table structure for table `gw_topics_phrase`
--

DROP TABLE IF EXISTS `gw_topics_phrase`;
/*!40101 SET @saved_cs_client     = @@character_set_client */;
/*!40101 SET character_set_client = utf8 */;
CREATE TABLE `gw_topics_phrase` (
  `id_topic_phrase` mediumint(8) unsigned NOT NULL AUTO_INCREMENT,
  `id_topic` tinyint(3) unsigned NOT NULL DEFAULT '0',
  `id_lang` varchar(10) NOT NULL DEFAULT 'en-utf8',
  `topic_title` varbinary(255) NOT NULL DEFAULT '',
  `topic_descr` mediumblob NOT NULL,
  PRIMARY KEY (`id_topic_phrase`)
) ENGINE=MyISAM AUTO_INCREMENT=3 DEFAULT CHARSET=utf8;
/*!40101 SET character_set_client = @saved_cs_client */;

--
-- Dumping data for table `gw_topics_phrase`
--

LOCK TABLES `gw_topics_phrase` WRITE;
/*!40000 ALTER TABLE `gw_topics_phrase` DISABLE KEYS */;
INSERT INTO `gw_topics_phrase` VALUES (1,1,'en-utf8','The list of dictionaries','This is the list of interesting dictionaries.'),(2,1,'ru-utf8','Список словарей','Это список интересных словарей.');
/*!40000 ALTER TABLE `gw_topics_phrase` ENABLE KEYS */;
UNLOCK TABLES;

--
-- Table structure for table `gw_users`
--

DROP TABLE IF EXISTS `gw_users`;
/*!40101 SET @saved_cs_client     = @@character_set_client */;
/*!40101 SET character_set_client = utf8 */;
CREATE TABLE `gw_users` (
  `id_user` int(10) unsigned NOT NULL AUTO_INCREMENT,
  `login` varbinary(128) NOT NULL,
  `password` char(32) NOT NULL,
  `is_active` tinyint(1) unsigned NOT NULL DEFAULT '1',
  `is_multiple` tinyint(1) unsigned NOT NULL DEFAULT '0',
  `is_show_contact` tinyint(1) unsigned NOT NULL DEFAULT '1',
  `date_reg` int(10) unsigned NOT NULL DEFAULT '0',
  `date_login` int(10) unsigned NOT NULL DEFAULT '0',
  `int_items` int(10) unsigned NOT NULL DEFAULT '0',
  `user_fname` varbinary(64) NOT NULL,
  `user_sname` varbinary(64) NOT NULL,
  `user_email` varchar(255) NOT NULL,
  `user_perm` blob NOT NULL,
  `user_settings` blob NOT NULL,
  PRIMARY KEY (`id_user`)
) ENGINE=MyISAM AUTO_INCREMENT=4 DEFAULT CHARSET=utf8;
/*!40101 SET character_set_client = @saved_cs_client */;

--
-- Dumping data for table `gw_users`
--

LOCK TABLES `gw_users` WRITE;
/*!40000 ALTER TABLE `gw_users` DISABLE KEYS */;
INSERT INTO `gw_users` VALUES (1,'guest','084e0343a0486ff05530df6c705c8bb4',1,0,0,0,1206973862,1,'Guest','','guest@localhost.tld','a:0:{}','a:4:{s:6:\"locale\";s:3:\"eng\";s:8:\"location\";s:0:\"\";s:10:\"gmt\\_offset\";s:1:\"0\";s:12:\"dictionaries\";a:0:{}}'),(2,'glosswordadmin','6fca5511d01d8a5525118457b9cf0efe',1,0,1,1364426001,1364426576,23,'Admin User',' ','admin@127.0.0.1','a:16:{s:8:\"IS-EMAIL\";i:1;s:8:\"IS-LOGIN\";i:1;s:11:\"IS-PASSWORD\";i:1;s:8:\"IS-USERS\";i:1;s:13:\"IS-TOPICS-OWN\";i:1;s:9:\"IS-TOPICS\";i:1;s:12:\"IS-DICTS-OWN\";i:1;s:8:\"IS-DICTS\";i:1;s:12:\"IS-TERMS-OWN\";i:1;s:8:\"IS-TERMS\";i:1;s:15:\"IS-TERMS-IMPORT\";i:1;s:15:\"IS-TERMS-EXPORT\";i:1;s:13:\"IS-CPAGES-OWN\";i:1;s:9:\"IS-CPAGES\";i:1;s:15:\"IS-SYS-SETTINGS\";i:1;s:10:\"IS-SYS-MNT\";i:1;}','a:10:{s:10:\"avatar\\_img\";s:0:\"\";s:12:\"avatar\\_img\\_y\";s:0:\"\";s:12:\"avatar\\_img\\_x\";s:0:\"\";s:10:\"gmt\\_offset\";s:1:\"3\";s:9:\"is\\_htmled\";s:1:\"1\";s:13:\"is\\_use\\_avatar\";i:0;s:11:\"locale\\_name\";s:7:\"en-utf8\";s:8:\"location\";s:0:\"\";s:11:\"visualtheme\";s:9:\"gw\\_silver\";s:12:\"dictionaries\";a:0:{}}'),(3,'dict-contrib','aaa472dace6a47d928ce8a50b8f7ce9f',1,0,1,1364426686,0,0,'','','','a:15:{s:8:\"IS-EMAIL\";i:1;s:8:\"IS-LOGIN\";i:1;s:11:\"IS-PASSWORD\";i:1;s:10:\"IS-PROFILE\";i:1;s:8:\"IS-USERS\";i:1;s:13:\"IS-TOPICS-OWN\";i:1;s:9:\"IS-TOPICS\";i:1;s:12:\"IS-DICTS-OWN\";i:1;s:8:\"IS-DICTS\";i:1;s:12:\"IS-TERMS-OWN\";i:1;s:8:\"IS-TERMS\";i:1;s:15:\"IS-TERMS-IMPORT\";i:1;s:15:\"IS-TERMS-EXPORT\";i:1;s:15:\"IS-SYS-SETTINGS\";i:1;s:10:\"IS-SYS-MNT\";i:1;}','a:10:{s:8:\"location\";s:0:\"\";s:11:\"locale\\_name\";s:7:\"en-utf8\";s:12:\"dictionaries\";a:1:{i:1;s:1:\"1\";}s:6:\"is\\_dst\";i:0;s:11:\"visualtheme\";s:8:\"gw\\_brand\";s:10:\"avatar\\_img\";s:0:\"\";s:13:\"is\\_use\\_avatar\";i:0;s:9:\"is\\_htmled\";s:1:\"1\";s:10:\"gmt\\_offset\";s:1:\"0\";s:11:\"date\\_format\";s:13:\"F j, Y, g:i a\";}');
/*!40000 ALTER TABLE `gw_users` ENABLE KEYS */;
UNLOCK TABLES;

--
-- Table structure for table `gw_virtual_keyboard`
--

DROP TABLE IF EXISTS `gw_virtual_keyboard`;
/*!40101 SET @saved_cs_client     = @@character_set_client */;
/*!40101 SET character_set_client = utf8 */;
CREATE TABLE `gw_virtual_keyboard` (
  `id_profile` smallint(5) unsigned NOT NULL AUTO_INCREMENT,
  `is_active` tinyint(1) unsigned NOT NULL DEFAULT '1',
  `is_index_page` tinyint(1) unsigned NOT NULL DEFAULT '1',
  `vkbd_name` tinyblob NOT NULL,
  `vkbd_letters` tinyblob NOT NULL,
  PRIMARY KEY (`id_profile`)
) ENGINE=MyISAM AUTO_INCREMENT=6 DEFAULT CHARSET=utf8;
/*!40101 SET character_set_client = @saved_cs_client */;

--
-- Dumping data for table `gw_virtual_keyboard`
--

LOCK TABLES `gw_virtual_keyboard` WRITE;
/*!40000 ALTER TABLE `gw_virtual_keyboard` DISABLE KEYS */;
INSERT INTO `gw_virtual_keyboard` VALUES (1,1,0,'Turkish','â, ç, ğ, ı, î, ö, ş, û, ü'),(3,1,0,'Umlauts','ä, ë, ö, ü'),(4,1,0,'Russian','а, б, в, г, д, е, ё, ж, з, и, й, к, л, м, н, о, п, р, с, т, у, ф, х, ц, ч, ш, щ, ъ, ы, ь, э, ю, я, і, ї, ѣ'),(5,1,0,'Azerbaijani','ə, ğ, ı, i, ö, ş, ü');
/*!40000 ALTER TABLE `gw_virtual_keyboard` ENABLE KEYS */;
UNLOCK TABLES;

--
-- Table structure for table `gw_wordlist`
--

DROP TABLE IF EXISTS `gw_wordlist`;
/*!40101 SET @saved_cs_client     = @@character_set_client */;
/*!40101 SET character_set_client = utf8 */;
CREATE TABLE `gw_wordlist` (
  `word_text` varbinary(100) NOT NULL DEFAULT '',
  `word_id` int(10) unsigned NOT NULL AUTO_INCREMENT,
  PRIMARY KEY (`word_text`),
  UNIQUE KEY `word_id` (`word_id`)
) ENGINE=MyISAM AUTO_INCREMENT=424 DEFAULT CHARSET=utf8 PACK_KEYS=1 DELAY_KEY_WRITE=1;
/*!40101 SET character_set_client = @saved_cs_client */;

--
-- Dumping data for table `gw_wordlist`
--

LOCK TABLES `gw_wordlist` WRITE;
/*!40000 ALTER TABLE `gw_wordlist` DISABLE KEYS */;
INSERT INTO `gw_wordlist` VALUES ('123',4),('EXAMPLE',5),('ABOUT',7),('SOBRE',8),('O',9),('PROGRAMU',10),('OM',11),('INFO',12),('ACERCA',13),('DE',14),('TIETOJA',15),('A',16),('PROPOS',17),('ΠΛΗΡΟΦΟΡΙΕΣ',18),('אודות',19),('NEVJEGY',20),('INFORMAZIONI',21),('SU',22),('バージョン情報',23),('저장',24),('INFORMACJE',25),('EO',26),('JE',27),('HAKKYNDA',28),('MICROSOFT',29),('INTERNATIONAL',30),('WORD',31),('LIST',32),('ALL',33),('FIELDS',34),('TRANSCRIPTION',35),('ABBREVIATION',36),('TRANSLATION',37),('WITH',38),('SECOND',39),('USAGE',40),('1',41),('2',42),('IMAGINATION',43),('AUTOLINKS',44),('ASCII',45),('OR',46),('ASP',47),('AND',48),('CGI',49),('SO',50),('CMS',51),('IN',52),('CSS',53),('OF',54),('DNS',55),('FROM',56),('XML',57),('TO',58),('HTML',59),('NEXT',60),('HTTP',61),('ICRA',62),('ON',63),('THE',64),('OTHER',65),('SIDE',66),('W3C',67),('ヒトリ',68),('FEEDHORN',69),('ONE',70),('MAIN',71),('COMPONENTS',72),('ANY',73),('SATELLITE',74),('RECEIVING',75),('SYSTEM',76),('COLLECTS',77),('SIGNALS',78),('THAT',79),('ARE',80),('REFLECTED',81),('FOCAL',82),('POINT',83),('DISH',84),('FEEDS',85),('THEM',86),('S',87),('LNA',88),('E',89),('G',90),('RF',91),('UNIT',92),('GROSS',93),('DOMESTIC',94),('PRODUCT',95),('GDP',96),('ВАЛОВОЙ',97),('ВНУТРЕННИЙ',98),('ПРОДУКТ',99),('ВВП',100),('РЫНОЧНАЯ',101),('СТОИМОСТЬ',102),('ТОВАРОВ',103),('И',104),('УСЛУГ',105),('ПРОИЗВЕДЕННЫХ',106),('В',107),('ТЕЧЕНИЕ',108),('ОПРЕДЕЛЕННОГО',109),('ПЕРИОДА',110),('ВКЛЮЧАЯ',111),('ДОХОД',112),('ИНОСТРАННЫХ',113),('КОРПОРАЦИЙ',114),('НЕРЕЗИДЕНТОВ',115),('РАБОТАЮЩИХ',116),('США',117),('ОДНАКО',118),('ПРИ',119),('ЭТОМ',120),('ИСКЛЮЧАЕТСЯ',121),('АМЕРИКАНСКИХ',122),('ГРАЖДАН',123),('ЗА',124),('РУБЕЖОМ',125),('IONIC',126),('BONDING',127),('CHEMICAL',128),('RESULTING',129),('TRANSFER',130),('MORE',131),('ELECTRONS',132),('ATOM',133),('GROUP',134),('ATOMS',135),('ANOTHER',136),('RFU',137),('RADIO',138),('PES',139),('5000',140),('6000',141),('8000',142),('SERIES',143),('REMOTE',144),('TERMINALS',145),('IS',146),('MOUNTED',147),('FEED',148),('SUPPORT',149),('ARM',150),('ANTENNA',151),('PROVIDES',152),('ANALOGUE',153),('RECEIVE',154),('TRANSMIT',155),('FUNCTIONS',156),('TABSHEET1CAPTION',157),('CURRENT',158),('OPTIMIZATION',159),('SET',160),('ТЕКУЩИЙ',161),('НАБОР',162),('НАСТРОЕК',163),('GAENGLICHE',164),('OPTIMISIERUNGSGRUPPE',165),('JEU',166),('D',167),('OPTIMISATION',168),('COURANT',169),('UTF',170),('8',171),('BIT',172),('UNICODE',173),('TRANSFORMATION',174),('FORMAT',175),('VARIABLE',176),('LENGTH',177),('CHARACTER',178),('ENCODING',179),('FOR',180),('CREATED',181),('BY',182),('ROB',183),('PIKE',184),('KEN',185),('THOMPSON',186),('IT',187),('USES',188),('GROUPS',189),('BYTES',190),('REPRESENT',191),('STANDARD',192),('ALPHABETS',193),('MANY',194),('WORLD',195),('LANGUAGES',196),('ESPECIALLY',197),('USEFUL',198),('TRANSMISSION',199),('OVER',200),('MAIL',201),('SYSTEMS',202),('4',203),('PER',204),('DEPENDING',205),('SYMBOL',206),('ONLY',207),('BYTE',208),('NEEDED',209),('ENCODE',210),('128',211),('US',212),('CHARACTERS',213),('RANGE',214),('U',215),('0000',216),('007F',217),('WHILE',218),('MAY',219),('SEEM',220),('INEFFICIENT',221),('AS',222),('ALLOWS',223),('LEGACY',224),('THIS',225),('SUPERSET',226),('ADDITIONALLY',227),('DATA',228),('COMPRESSION',229),('CAN',230),('STILL',231),('BE',232),('PERFORMED',233),('INDEPENDENTLY',234),('USE',235),('IETF',236),('REQUIRES',237),('INTERNET',238),('PROTOCOLS',239),('IDENTIFY',240),('USED',241),('AT',242),('LEAST',243),('SUPPORTED',244),('16',245),('TEST',246),('PAGE',247),('WIKIPEDIA',248),('DECLARATION',249),('PART',250),('AN',251),('DOCUMENT',252),('DEFINES',253),('VERSION',254),('BEING',255),('ALTHOUGH',256),('LOOKS',257),('LIKE',258),('PROCESSING',259),('INSTRUCTION',260),('NOT',261),('REASON',262),('YOU',263),('CANNOT',264),('ACCESS',265),('XSLT',266),('STYLESHEET',267),('XPATH',268),('EXPRESSION',269),('BLACK',270),('SWART',271),('ZEZE',272),('ЧЕРЕН',273),('NEGRE',274),('黑色',275),('CRNO',276),('CERNA',277),('SORT',278),('ZWART',279),('MUSTA',280),('NOIR',281),('SCHWARZ',282),('ΜΑΥΡΟ',283),('שחור',284),('FEKETE',285),('SVARTUR',286),('HITAM',287),('DUBH',288),('NERO',289),('黒',290),('검정섁',291),('NIGER',292),('ISWED',293),('CZARNY',294),('PRETO',295),('NEGRU',296),('ЧЕРНЫЙ',297),('ЦРНА',298),('CIERNA',299),('NEGRO',300),('SVART',301),('NYEUSI',302),('BONTSHO',303),('SIYAH',304),('MAU',305),('DEN',306),('DU',307),('MNYAMA',308),('KUMNEYAMA',309),('BOB',310),('SAC',311),('LULESI',312),('HAFIFCE',313),('KIMILDAMAK',314),('BOBBIN',315),('MAKARA',316),('UFAK',317),('IG',318),('BODY',319),('BEDEN',320),('CESET',321),('KAROSER',322),('BOLD',323),('CURETLI',324),('COMPLETION',325),('LAND',326),('LAW',327),('WHICH',328),('OWNERSHIP',329),('SUBJECT',330),('CONTRACT',331),('ITS',332),('SALE',333),('CHANGES',334),('HANDS',335),('PURCHASER',336),('UNPAID',337),('BALANCE',338),('PRICE',339),('EXCHANGE',340),('TITLE',341),('DEEDS',342),('VALID',343),('CONVEYANCE',344),('HIM',345),('IF',346),('UNREGISTERED',347),('REGISTERED',348),('RECEIVES',349),('SIMPLE',350),('FORM',351),('MUST',352),('LODGED',353),('APPROPRIATE',354),('DISTRICT',355),('REGISTRY',356),('CERTIFICATE',357),('OXFORD',358),('DICTIONARY',359),('GLOOM',360),('STATE',361),('PARTIAL',362),('TOTAL',363),('DARKNESS',364),('FEELING',365),('MELANCHOLY',366),('APPREHENSION',367),('ATMOSPHERE',368),('DEPRESSION',369),('HE',370),('STRUCK',371),('MATCH',372),('DISPELL',373),('PERVADED',374),('OFFICE',375),('SOMBERNESS',376),('SOMBRENESS',377),('GLOOMINESS',378),('GLUMNESS',379),('PANTHER',380),('PÆNΘƏ',381),('CON',382),('BAO',383),('PICHICATO',384),('CICATERO',385),('MISERABLE',386),('QUE',387),('ESCATIMA',388),('LO',389),('DEBE',390),('DAR',391),('DEL',392),('ITALIANO',393),('PIZZICATO',394),('PELLIZCADO',395),('NO',396),('SEAS',397),('PICHICATA',398),('MARGARITA',399),('LE',400),('ESTAS',401),('DANDO',402),('MUY',403),('POQUITA',404),('COMIDA',405),('ESE',406),('POBRE',407),('GATO',408),('JERGA',409),('MEXICO',410),('SOUTHING',411),('SOUTHERN',412),('MOVEMENT',413),('DISTANCE',414),('TRAVELLED',415),('MEASURED',416),('SOUTHWARD',417),('ANGULAR',418),('STAR',419),('ETC',420),('SOUTH',421),('CELESTIAL',422),('EQUATOR',423);
/*!40000 ALTER TABLE `gw_wordlist` ENABLE KEYS */;
UNLOCK TABLES;

--
-- Table structure for table `gw_wordmap`
--

DROP TABLE IF EXISTS `gw_wordmap`;
/*!40101 SET @saved_cs_client     = @@character_set_client */;
/*!40101 SET character_set_client = utf8 */;
CREATE TABLE `gw_wordmap` (
  `word_id` int(10) unsigned NOT NULL DEFAULT '0',
  `term_id` int(10) unsigned NOT NULL DEFAULT '0',
  `dict_id` smallint(5) unsigned NOT NULL DEFAULT '0',
  `term_match` tinyint(2) NOT NULL DEFAULT '0',
  `date_created` int(10) unsigned NOT NULL DEFAULT '0',
  KEY `word_id` (`word_id`),
  KEY `term_id` (`term_id`)
) ENGINE=MyISAM DEFAULT CHARSET=utf8 PACK_KEYS=1 DELAY_KEY_WRITE=1;
/*!40101 SET character_set_client = @saved_cs_client */;

--
-- Dumping data for table `gw_wordmap`
--

LOCK TABLES `gw_wordmap` WRITE;
/*!40000 ALTER TABLE `gw_wordmap` DISABLE KEYS */;
INSERT INTO `gw_wordmap` VALUES (415,23,1,0,1215233268),(64,23,1,0,1215233268),(419,23,1,0,1215233268),(417,23,1,0,1215233268),(411,23,1,1,1215233268),(412,23,1,0,1215233268),(421,23,1,0,1215233268),(46,23,1,0,1215233268),(54,23,1,0,1215233268),(413,23,1,0,1215233268),(416,23,1,0,1215233268),(420,23,1,0,1215233268),(423,23,1,0,1215233268),(414,23,1,0,1215233268),(422,23,1,0,1215233268),(418,23,1,0,1215233268),(16,23,1,0,1215233268),(397,44,1,5,1215233268),(387,44,1,0,1215233268),(404,44,1,5,1215233268),(407,44,1,5,1215233268),(394,44,1,0,1215233268),(384,44,1,1,1215233268),(398,44,1,5,1215233268),(395,44,1,0,1215233268),(396,44,1,5,1215233268),(403,44,1,5,1215233268),(386,44,1,0,1215233268),(410,44,1,6,1215233268),(399,44,1,5,1215233268),(389,44,1,0,1215233268),(400,44,1,5,1215233268),(409,44,1,6,1215233268),(393,44,1,0,1215233268),(408,44,1,5,1215233268),(401,44,1,5,1215233268),(406,44,1,5,1215233268),(388,44,1,0,1215233268),(392,44,1,0,1215233268),(390,44,1,0,1215233268),(14,44,1,6,1215233268),(391,44,1,0,1215233268),(402,44,1,5,1215233268),(405,44,1,5,1215233268),(385,44,1,0,1215233268),(16,44,1,5,1215233268),(4,44,1,5,1215233268),(381,14,1,2,1215233268),(380,14,1,1,1215233268),(382,14,1,4,1215233268),(383,14,1,4,1215233268),(363,45,1,0,1215233268),(58,45,1,5,1215233268),(64,45,1,5,1215233268),(371,45,1,5,1215233268),(361,45,1,0,1215233268),(377,45,1,7,1215233268),(376,45,1,7,1215233268),(374,45,1,5,1215233268),(362,45,1,0,1215233268),(46,45,1,0,1215233268),(375,45,1,5,1215233268),(54,45,1,0,1215233268),(366,45,1,0,1215233268),(372,45,1,5,1215233268),(370,45,1,5,1215233268),(379,45,1,7,1215233268),(378,45,1,7,1215233268),(360,45,1,5,1215233268),(360,45,1,1,1215233268),(365,45,1,0,1215233268),(373,45,1,5,1215233268),(369,45,1,0,1215233268),(364,45,1,0,1215233268),(368,45,1,0,1215233268),(367,45,1,0,1215233268),(48,45,1,0,1215233268),(251,45,1,0,1215233268),(16,45,1,5,1215233268),(16,45,1,0,1215233268),(359,62,1,6,1215233268),(358,62,1,6,1215233268),(357,62,1,0,1215233268),(356,62,1,0,1215233268),(355,62,1,0,1215233268),(354,62,1,0,1215233268),(353,62,1,0,1215233268),(352,62,1,0,1215233268),(351,62,1,0,1215233268),(350,62,1,0,1215233268),(349,62,1,0,1215233268),(348,62,1,0,1215233268),(347,62,1,0,1215233268),(346,62,1,0,1215233268),(345,62,1,0,1215233268),(344,62,1,0,1215233268),(343,62,1,0,1215233268),(342,62,1,0,1215233268),(341,62,1,0,1215233268),(340,62,1,0,1215233268),(339,62,1,0,1215233268),(338,62,1,0,1215233268),(337,62,1,0,1215233268),(336,62,1,0,1215233268),(335,62,1,0,1215233268),(334,62,1,0,1215233268),(333,62,1,0,1215233268),(332,62,1,0,1215233268),(331,62,1,0,1215233268),(330,62,1,0,1215233268),(329,62,1,0,1215233268),(328,62,1,0,1215233268),(327,62,1,6,1215233268),(327,62,1,0,1215233268),(326,62,1,0,1215233268),(325,62,1,1,1215233268),(242,62,1,0,1215233268),(232,62,1,0,1215233268),(200,62,1,0,1215233268),(180,62,1,0,1215233268),(146,62,1,0,1215233268),(130,62,1,0,1215233268),(83,62,1,0,1215233268),(79,62,1,0,1215233268),(73,62,1,0,1215233268),(64,62,1,0,1215233268),(58,62,1,0,1215233268),(54,62,1,6,1215233268),(54,62,1,0,1215233268),(52,62,1,0,1215233268),(48,62,1,0,1215233268),(38,62,1,0,1215233268),(16,62,1,0,1215233268),(324,13,1,4,1215233268),(323,13,1,1,1215233268),(322,11,1,4,1215233268),(321,11,1,4,1215233268),(319,11,1,1,1215233268),(320,11,1,4,1215233268),(317,10,1,4,1215233268),(316,10,1,4,1215233268),(318,10,1,4,1215233268),(315,10,1,1,1215233268),(311,9,1,4,1215233268),(312,9,1,4,1215233268),(314,9,1,4,1215233268),(313,9,1,4,1215233268),(310,9,1,1,1215233268),(291,7,1,4,1215233268),(290,7,1,4,1215233268),(275,7,1,4,1215233268),(284,7,1,4,1215233268),(297,7,1,4,1215233268),(273,7,1,4,1215233268),(298,7,1,4,1215233268),(283,7,1,4,1215233268),(279,7,1,4,1215233268),(272,7,1,4,1215233268),(271,7,1,4,1215233268),(286,7,1,4,1215233268),(301,7,1,4,1215233268),(278,7,1,4,1215233268),(304,7,1,4,1215233268),(282,7,1,4,1215233268),(295,7,1,4,1215233268),(302,7,1,4,1215233268),(281,7,1,4,1215233268),(292,7,1,4,1215233268),(289,7,1,4,1215233268),(296,7,1,4,1215233268),(300,7,1,4,1215233268),(274,7,1,4,1215233268),(280,7,1,4,1215233268),(308,7,1,4,1215233268),(305,7,1,4,1215233268),(309,7,1,4,1215233268),(293,7,1,4,1215233268),(287,7,1,4,1215233268),(285,7,1,4,1215233268),(89,7,1,4,1215233268),(288,7,1,4,1215233268),(307,7,1,4,1215233268),(306,7,1,4,1215233268),(294,7,1,4,1215233268),(276,7,1,4,1215233268),(299,7,1,4,1215233268),(277,7,1,4,1215233268),(303,7,1,4,1215233268),(270,7,1,1,1215233268),(263,21,1,0,1215233268),(266,21,1,0,1215233268),(268,21,1,0,1215233268),(57,21,1,0,1215233268),(57,21,1,1,1215233268),(254,21,1,0,1215233268),(241,21,1,0,1215233268),(64,21,1,0,1215233268),(79,21,1,0,1215233268),(267,21,1,0,1215233268),(262,21,1,0,1215233268),(259,21,1,0,1215233268),(250,21,1,0,1215233268),(46,21,1,0,1215233268),(54,21,1,0,1215233268),(261,21,1,0,1215233268),(257,21,1,0,1215233268),(258,21,1,0,1215233268),(187,21,1,0,1215233268),(146,21,1,0,1215233268),(260,21,1,0,1215233268),(56,21,1,0,1215233268),(180,21,1,0,1215233268),(269,21,1,0,1215233268),(252,21,1,0,1215233268),(253,21,1,0,1215233268),(249,21,1,0,1215233268),(249,21,1,1,1215233268),(264,21,1,0,1215233268),(255,21,1,0,1215233268),(251,21,1,0,1215233268),(256,21,1,0,1215233268),(265,21,1,0,1215233268),(16,21,1,0,1215233268),(248,5,1,6,1215233268),(247,5,1,8,1215233268),(246,5,1,8,1215233268),(245,5,1,8,1215233268),(244,5,1,0,1215233268),(243,5,1,0,1215233268),(242,5,1,0,1215233268),(241,5,1,0,1215233268),(240,5,1,0,1215233268),(239,5,1,0,1215233268),(238,5,1,0,1215233268),(237,5,1,0,1215233268),(236,5,1,0,1215233268),(235,5,1,0,1215233268),(234,5,1,0,1215233268),(233,5,1,0,1215233268),(232,5,1,0,1215233268),(231,5,1,0,1215233268),(230,5,1,0,1215233268),(229,5,1,0,1215233268),(228,5,1,0,1215233268),(227,5,1,0,1215233268),(226,5,1,0,1215233268),(225,5,1,0,1215233268),(224,5,1,0,1215233268),(223,5,1,0,1215233268),(222,5,1,0,1215233268),(221,5,1,0,1215233268),(220,5,1,0,1215233268),(219,5,1,0,1215233268),(218,5,1,0,1215233268),(217,5,1,0,1215233268),(216,5,1,0,1215233268),(215,5,1,0,1215233268),(214,5,1,0,1215233268),(213,5,1,0,1215233268),(212,5,1,0,1215233268),(211,5,1,0,1215233268),(210,5,1,0,1215233268),(209,5,1,0,1215233268),(208,5,1,0,1215233268),(207,5,1,0,1215233268),(206,5,1,0,1215233268),(205,5,1,0,1215233268),(204,5,1,0,1215233268),(203,5,1,0,1215233268),(202,5,1,0,1215233268),(201,5,1,0,1215233268),(200,5,1,0,1215233268),(199,5,1,0,1215233268),(198,5,1,0,1215233268),(197,5,1,0,1215233268),(196,5,1,0,1215233268),(195,5,1,0,1215233268),(194,5,1,0,1215233268),(193,5,1,0,1215233268),(192,5,1,0,1215233268),(191,5,1,0,1215233268),(190,5,1,0,1215233268),(189,5,1,0,1215233268),(188,5,1,0,1215233268),(187,5,1,0,1215233268),(186,5,1,0,1215233268),(185,5,1,0,1215233268),(184,5,1,0,1215233268),(183,5,1,0,1215233268),(182,5,1,0,1215233268),(181,5,1,0,1215233268),(180,5,1,0,1215233268),(179,5,1,0,1215233268),(178,5,1,0,1215233268),(177,5,1,0,1215233268),(176,5,1,0,1215233268),(175,5,1,0,1215233268),(174,5,1,0,1215233268),(173,5,1,0,1215233268),(172,5,1,0,1215233268),(171,5,1,8,1215233268),(171,5,1,0,1215233268),(171,5,1,1,1215233268),(170,5,1,8,1215233268),(170,5,1,0,1215233268),(170,5,1,1,1215233268),(155,5,1,0,1215233268),(146,5,1,0,1215233268),(87,5,1,0,1215233268),(70,5,1,0,1215233268),(64,5,1,0,1215233268),(63,5,1,0,1215233268),(58,5,1,0,1215233268),(54,5,1,0,1215233268),(52,5,1,0,1215233268),(48,5,1,0,1215233268),(45,5,1,0,1215233268),(41,5,1,0,1215233268),(38,5,1,0,1215233268),(33,5,1,0,1215233268),(16,5,1,8,1215233268),(16,5,1,0,1215233268),(5,5,1,0,1215233268),(161,35,1,4,1215233268),(163,35,1,4,1215233268),(162,35,1,4,1215233268),(157,35,1,1,1215233268),(160,35,1,4,1215233268),(159,35,1,4,1215233268),(165,35,1,4,1215233268),(168,35,1,4,1215233268),(166,35,1,4,1215233268),(164,35,1,4,1215233268),(167,35,1,4,1215233268),(158,35,1,4,1215233268),(169,35,1,4,1215233268),(92,29,1,0,1215233268),(92,29,1,1,1215233268),(155,29,1,0,1215233268),(64,29,1,0,1215233268),(145,29,1,0,1215233268),(149,29,1,0,1215233268),(143,29,1,0,1215233268),(137,29,1,3,1215233268),(91,29,1,0,1215233268),(91,29,1,1,1215233268),(144,29,1,0,1215233268),(154,29,1,0,1215233268),(138,29,1,0,1215233268),(152,29,1,0,1215233268),(139,29,1,0,1215233268),(63,29,1,0,1215233268),(54,29,1,0,1215233268),(147,29,1,0,1215233268),(146,29,1,0,1215233268),(156,29,1,0,1215233268),(148,29,1,0,1215233268),(150,29,1,0,1215233268),(151,29,1,0,1215233268),(48,29,1,0,1215233268),(153,29,1,0,1215233268),(142,29,1,0,1215233268),(141,29,1,0,1215233268),(140,29,1,0,1215233268),(130,18,1,0,1215233268),(58,18,1,0,1215233268),(64,18,1,0,1215233268),(129,18,1,0,1215233268),(46,18,1,0,1215233268),(70,18,1,0,1215233268),(54,18,1,0,1215233268),(131,18,1,0,1215233268),(126,18,1,1,1215233268),(134,18,1,0,1215233268),(56,18,1,0,1215233268),(132,18,1,0,1215233268),(128,18,1,0,1215233268),(127,18,1,0,1215233268),(127,18,1,1,1215233268),(135,18,1,0,1215233268),(133,18,1,0,1215233268),(136,18,1,0,1215233268),(16,18,1,0,1215233268),(120,61,1,0,1215233268),(105,61,1,0,1215233268),(103,61,1,0,1215233268),(108,61,1,0,1215233268),(117,61,1,0,1215233268),(102,61,1,0,1215233268),(101,61,1,0,1215233268),(125,61,1,0,1215233268),(116,61,1,0,1215233268),(106,61,1,0,1215233268),(99,61,1,4,1215233268),(119,61,1,0,1215233268),(110,61,1,0,1215233268),(109,61,1,0,1215233268),(118,61,1,0,1215233268),(115,61,1,0,1215233268),(114,61,1,0,1215233268),(121,61,1,0,1215233268),(113,61,1,0,1215233268),(104,61,1,0,1215233268),(124,61,1,0,1215233268),(112,61,1,0,1215233268),(123,61,1,0,1215233268),(98,61,1,4,1215233268),(111,61,1,0,1215233268),(100,61,1,4,1215233268),(97,61,1,4,1215233268),(107,61,1,0,1215233268),(122,61,1,0,1215233268),(95,61,1,1,1215233268),(93,61,1,1,1215233268),(96,61,1,1,1215233268),(94,61,1,1,1215233268),(92,27,1,8,1215233268),(92,27,1,0,1215233268),(58,27,1,0,1215233268),(86,27,1,0,1215233268),(64,27,1,0,1215233268),(79,27,1,0,1215233268),(76,27,1,0,1215233268),(78,27,1,0,1215233268),(74,27,1,0,1215233268),(87,27,1,0,1215233268),(91,27,1,8,1215233268),(91,27,1,0,1215233268),(81,27,1,0,1215233268),(75,27,1,0,1215233268),(83,27,1,0,1215233268),(70,27,1,0,1215233268),(54,27,1,0,1215233268),(71,27,1,0,1215233268),(88,27,1,0,1215233268),(52,27,1,0,1215233268),(90,27,1,0,1215233268),(82,27,1,0,1215233268),(85,27,1,0,1215233268),(69,27,1,0,1215233268),(69,27,1,1,1215233268),(89,27,1,0,1215233268),(84,27,1,0,1215233268),(72,27,1,0,1215233268),(77,27,1,0,1215233268),(80,27,1,0,1215233268),(73,27,1,0,1215233268),(48,27,1,0,1215233268),(68,3,1,0,1215233268),(57,3,1,0,1215233268),(67,3,1,0,1215233268),(58,3,1,0,1215233268),(64,3,1,0,1215233268),(50,3,1,0,1215233268),(66,3,1,0,1215233268),(65,3,1,0,1215233268),(46,3,1,0,1215233268),(63,3,1,0,1215233268),(54,3,1,0,1215233268),(60,3,1,0,1215233268),(52,3,1,0,1215233268),(62,3,1,0,1215233268),(61,3,1,0,1215233268),(59,3,1,0,1215233268),(56,3,1,0,1215233268),(55,3,1,0,1215233268),(53,3,1,0,1215233268),(51,3,1,0,1215233268),(49,3,1,0,1215233268),(44,3,1,1,1215233268),(47,3,1,0,1215233268),(45,3,1,0,1215233268),(48,3,1,0,1215233268),(38,59,1,0,1215233268),(40,59,1,5,1215233268),(37,59,1,4,1215233268),(35,59,1,2,1215233268),(39,59,1,0,1215233268),(43,59,1,6,1215233268),(34,59,1,8,1215233268),(34,59,1,11,1215233268),(34,59,1,7,1215233268),(34,59,1,0,1215233268),(34,59,1,1,1215233268),(5,59,1,0,1215233268),(33,59,1,8,1215233268),(33,59,1,11,1215233268),(33,59,1,7,1215233268),(33,59,1,0,1215233268),(33,59,1,1,1215233268),(36,59,1,3,1215233268),(42,59,1,5,1215233268),(41,59,1,5,1215233268),(24,33,1,4,1215233268),(23,33,1,4,1215233268),(19,33,1,4,1215233268),(18,33,1,4,1215233268),(31,33,1,6,1215233268),(15,33,1,4,1215233268),(22,33,1,4,1215233268),(8,33,1,4,1215233268),(17,33,1,4,1215233268),(10,33,1,4,1215233268),(11,33,1,4,1215233268),(9,33,1,4,1215233268),(20,33,1,4,1215233268),(29,33,1,6,1215233268),(32,33,1,6,1215233268),(27,33,1,4,1215233268),(30,33,1,6,1215233268),(21,33,1,4,1215233268),(25,33,1,4,1215233268),(12,33,1,4,1215233268),(28,33,1,4,1215233268),(26,33,1,4,1215233268),(14,33,1,4,1215233268),(13,33,1,4,1215233268),(7,33,1,1,1215233268),(16,33,1,4,1215233268);
/*!40000 ALTER TABLE `gw_wordmap` ENABLE KEYS */;
UNLOCK TABLES;
/*!40103 SET TIME_ZONE=@OLD_TIME_ZONE */;

/*!40101 SET SQL_MODE=@OLD_SQL_MODE */;
/*!40014 SET FOREIGN_KEY_CHECKS=@OLD_FOREIGN_KEY_CHECKS */;
/*!40014 SET UNIQUE_CHECKS=@OLD_UNIQUE_CHECKS */;
/*!40101 SET CHARACTER_SET_CLIENT=@OLD_CHARACTER_SET_CLIENT */;
/*!40101 SET CHARACTER_SET_RESULTS=@OLD_CHARACTER_SET_RESULTS */;
/*!40101 SET COLLATION_CONNECTION=@OLD_COLLATION_CONNECTION */;
/*!40111 SET SQL_NOTES=@OLD_SQL_NOTES */;

-- Dump completed on 2013-03-27 19:25:33
